,x1,x2,x3,x4,x5,x6,x7,x8,x9,x10,ind_gap,heat_of_formation
0,-3.3221347,-1.2446206,13.52471,-0.90941936,-0.31985688,-0.40186673,-0.46006346,-0.547173,-1.3247454,-0.22310984,1.0274,-1.24055807
1,-2.013694,-0.37598342,-0.36882186,-0.75313175,0.09598118,-0.17791918,-0.13866897,0.23363078,-0.39715645,-0.9022259,0.781,-1.01283278
2,-1.8741798,-0.37167248,-0.13625285,-1.5876712,0.41200995,-0.1365584,-0.118255734,1.1586136,-0.32582575,-0.8431224,1.1399,-1.14508968
3,-3.2901928,-1.2206184,13.068223,-0.9869283,-0.29902178,-0.39030322,-0.44338474,-0.506335,-1.2987847,-0.25811946,0.0,-1.11253953
4,-3.1193364,-1.1784114,13.24658,-1.510718,-0.24825886,-0.35502067,-0.4157474,-0.36936322,-1.2066373,-0.22823453,0.1818,-1.16285904
5,-1.921369,-0.3668283,-0.25035152,-1.2608397,0.30163002,-0.15102969,-0.12556215,0.82327545,-0.34643373,-0.87253326,0.8519,-1.097396247
6,-4.3396077,-1.786911,22.73699,-0.94672567,-0.5257829,-0.5435018,-0.767651,-0.87914103,-1.9005356,0.4235488,0.0,-1.12368817
7,-1.6920232,-0.059862196,-1.305492,-1.7300829,1.2026482,-0.04338739,-0.15842724,2.8848338,0.1461122,-1.2715884,0.0,-0.92291908
8,-1.5466741,-0.18371741,-0.53669775,-2.0799937,0.87551665,-0.06888106,-0.13234274,2.3827062,-0.048380233,-0.9152724,0.1284,-1.04396848
9,-4.3362403,-1.7745507,22.511005,-1.1033515,-0.5006515,-0.53052807,-0.75982994,-0.82232887,-1.8828194,0.22854933,0.0,-1.01776063
10,-4.1601663,-1.7299054,22.655802,-1.6385106,-0.4477845,-0.49396786,-0.7303039,-0.6809133,-1.7875166,0.3682796,0.0,-1.06243054
11,-1.5959328,-0.10588546,-0.955522,-2.0240474,1.1276164,-0.045617808,-0.14278197,2.8511386,0.078737676,-1.1123756,0.0,-1.002226847
12,-3.2973707,-1.2041005,12.517109,-0.8506358,-0.30023012,-0.3919389,-0.44082758,-0.5204845,-1.2937708,-0.29164502,0.0,-1.166497295
13,-2.0773616,-0.4078532,-0.30406976,-0.6329629,-0.00060770515,-0.19159417,-0.14353095,-0.0027929544,-0.44472274,-0.8899849,0.2252,-0.959211105
14,-1.9401922,-0.40416732,-0.07152661,-1.460288,0.30912757,-0.15074669,-0.123650216,0.9012157,-0.37463236,-0.8310747,0.5649,-1.093462005
15,-3.2706127,-1.1837794,12.133748,-0.9278041,-0.28124323,-0.38146716,-0.4263067,-0.482654,-1.2713679,-0.32270548,0.0,-1.057289155
16,-3.092772,-1.1387371,12.238433,-1.403293,-0.23456898,-0.34814706,-0.3968451,-0.35744038,-1.1787217,-0.28951964,0.0,-1.109614665
17,-1.9907187,-0.40357682,-0.1729669,-1.115364,0.18069005,-0.16732804,-0.13041554,0.52202785,-0.40118104,-0.8543725,0.3254,-1.045705172
18,-2.693107,-0.8694887,6.9470277,-1.1688851,-0.13415927,-0.28479046,-0.25310832,-0.21599542,-0.92283833,-0.52800196,1.9981,-1.325690505
19,-2.2771356,-0.5399291,0.6334019,-0.6884879,-0.041619837,-0.22175185,-0.1679142,-0.08124814,-0.59508455,-0.80922717,0.1267,-1.095792715
20,-2.1780336,-0.581346,2.7387931,-1.5249289,-0.0017826915,-0.19368033,-0.16020048,0.30811346,-0.5689966,-0.6881532,0.0181,-1.214388415
21,-2.6883242,-0.8683859,6.9646616,-1.2308493,-0.12719594,-0.281002,-0.24958849,-0.19917934,-0.91885275,-0.53250617,1.016,-1.221824565
22,-2.576501,-0.8357704,7.0122294,-1.6572987,-0.08203798,-0.2516512,-0.23029728,-0.08087893,-0.8496238,-0.5299684,0.8082,-1.240542875
23,-2.2061613,-0.5596426,1.8182997,-1.1810899,-0.017208124,-0.20419525,-0.16083948,0.022622347,-0.5738942,-0.73658323,0.087,-1.169661782
24,-2.668807,-0.8750553,7.2960315,-1.2653245,-0.1331636,-0.28259075,-0.25338486,-0.20499061,-0.917406,-0.49833208,2.6282,-1.36037836
25,-2.2403305,-0.533202,0.7312825,-0.7842724,-0.0344386,-0.21599506,-0.16385186,-0.059400868,-0.5775748,-0.7952623,0.8269,-1.11457837
26,-2.1434844,-0.5750362,2.8357599,-1.6284548,0.03248924,-0.18748446,-0.15582457,0.429299,-0.55203694,-0.67643654,0.6537,-1.24036537
27,-2.694799,-0.87167495,7.0795684,-1.3324416,-0.117744766,-0.27618748,-0.2501844,-0.17363563,-0.91716784,-0.5390775,1.4557,-1.22460492
28,-2.5753086,-0.8492668,7.4297814,-1.7519083,-0.082005545,-0.25105974,-0.23328345,-0.07235074,-0.8552371,-0.5054677,1.6335,-1.26826333
29,-2.1686835,-0.55262816,1.9140499,-1.2824514,-0.00930866,-0.1980432,-0.15637115,0.14019763,-0.55584013,-0.72323126,0.6989,-1.193051637
30,-4.1852474,-1.4672561,12.790643,6.644862,-0.52867836,-0.5571615,-0.5578267,-1.1354784,-1.7944489,-0.41668358,1.0488,-1.17548865
31,-2.3089714,-0.42369977,-0.6876332,4.32583,-0.11831229,-0.26797396,-0.16351901,-0.34896353,-0.5839509,-0.9734713,0.7009,-0.93781856
32,-2.315604,-0.46555454,-0.55793005,7.011026,-0.20008591,-0.31104043,-0.1727819,-0.54264194,-0.6510623,-0.8497206,1.1002,-1.05289026
33,-4.1141324,-1.4405936,12.44002,6.9605317,-0.52991724,-0.554863,-0.5448593,-1.1430984,-1.7643582,-0.4042271,0.0,-1.04469821
34,-4.052756,-1.4375447,12.50449,8.302446,-0.56670725,-0.57136995,-0.5391743,-1.231882,-1.7668387,-0.33332175,0.131,-1.08242902
35,-2.2935004,-0.43861818,-0.6403939,5.9435916,-0.16430695,-0.29140034,-0.16558543,-0.4594907,-0.6123364,-0.90281516,0.7905,-1.009351227
36,-5.1528196,-1.9944199,21.392044,9.274915,-0.78724253,-0.7258298,-0.8459625,-1.6155837,-2.3868523,-0.064562775,0.0,-1.05859425
37,-2.03481,-0.10767376,-1.8385897,5.9150796,-0.022390127,-0.20311669,-0.19848216,-0.15324645,-0.23478846,-1.288225,0.0,-0.84996006
38,-1.8602399,-0.25088733,-1.0902251,8.922926,-0.2000763,-0.2876422,-0.1640476,-0.5420131,-0.3827541,-0.8022755,0.0912,-0.95272066
39,-5.098806,-1.976375,21.18183,9.659331,-0.79335356,-0.72661984,-0.83907455,-1.6321709,-2.366391,-0.04621668,0.0,-0.95100471
40,-5.125722,-2.0003614,21.4467,11.197435,-0.83642215,-0.7504095,-0.84843296,-1.7357664,-2.4077713,0.021294832,0.0,-0.98263062
41,-1.848547,-0.15660493,-1.4751999,7.453376,-0.11502842,-0.24268351,-0.16755998,-0.3542583,-0.2737968,-1.0006864,0.0,-0.915576027
42,-4.138031,-1.4181606,11.809178,6.011356,-0.4884064,-0.53517485,-0.5340259,-1.0556302,-1.7422675,-0.496411,0.0,-1.121526975
43,-2.462589,-0.4934433,-0.4920097,3.6943152,-0.12210722,-0.27670166,-0.18423736,-0.34888163,-0.66415447,-0.98064965,0.1748,-0.901987585
44,-2.4700258,-0.53532755,-0.36298886,6.382802,-0.20383695,-0.31978354,-0.1936502,-0.54251766,-0.73142904,-0.85749644,0.5536,-1.014436285
45,-4.0784326,-1.3942336,11.459442,6.3218703,-0.48896083,-0.5331253,-0.5216939,-1.0624151,-1.7167534,-0.48971874,0.0,-1.007841435
46,-4.0211434,-1.3922433,11.528555,7.6646214,-0.5257103,-0.54980516,-0.51655525,-1.1511904,-1.7208273,-0.42038828,0.0,-1.044343445
47,-2.4473302,-0.5082598,-0.44544777,5.315653,-0.16809416,-0.30013227,-0.18640304,-0.4594194,-0.69248474,-0.91028976,0.2896,-0.972103152
48,-3.3369057,-1.0404363,6.20689,4.4905596,-0.33217826,-0.42361432,-0.32251504,-0.76724654,-1.3021014,-0.63729423,1.8402,-1.235024085
49,-2.7013476,-0.6529326,0.2203236,2.9384997,-0.16384053,-0.3087046,-0.21434508,-0.42189398,-0.84009886,-0.8859748,0.1191,-1.002699795
50,-2.77631,-0.75130224,1.9365733,5.48403,-0.26782408,-0.3657754,-0.23884308,-0.65444034,-0.9656388,-0.7066044,0.1729,-1.107317995
51,-3.3618038,-1.0478064,6.178055,4.9387727,-0.34088776,-0.42963457,-0.32381266,-0.7919178,-1.318656,-0.64038986,0.793,-1.131587345
52,-3.324361,-1.0426657,6.074161,6.2330904,-0.37096447,-0.44388834,-0.3205025,-0.8677875,-1.3224826,-0.5970241,0.6186,-1.141480155
53,-2.7301776,-0.70517015,1.1667539,4.463376,-0.22466774,-0.34141627,-0.22648445,-0.55833215,-0.9068859,-0.77775115,0.0877,-1.065980862
54,-3.3029382,-1.0364357,6.261905,4.8109727,-0.34306887,-0.42755157,-0.32116506,-0.7910885,-1.2956678,-0.6072833,2.5609,-1.26694424
55,-2.6586616,-0.6469045,0.27695692,3.2498217,-0.1749931,-0.3123189,-0.21244529,-0.4457119,-0.8301229,-0.8517486,0.6552,-1.01561165
56,-2.7376938,-0.74632126,1.9946158,5.796721,-0.27883682,-0.36953425,-0.23712435,-0.67822593,-0.9574114,-0.674241,0.5501,-1.13025095
57,-3.3463993,-1.0434618,6.136685,5.1346292,-0.34529552,-0.43118072,-0.3232819,-0.8024298,-1.3139155,-0.6311715,1.334,-1.1302742
58,-3.2972791,-1.0380057,6.0829077,6.4878354,-0.37870052,-0.44655046,-0.31937516,-0.8849889,-1.3159932,-0.5761502,1.5368,-1.16567681
59,-2.6918197,-0.70021826,1.2241251,4.7755756,-0.23563807,-0.3451666,-0.22478227,-0.58204037,-0.8987256,-0.7455862,0.5557,-1.085567417
60,-3.529607,-1.3211662,13.312651,3.636457,-0.5025123,-0.50862616,-0.5070026,-1.0149415,-1.5116295,-0.12684682,1.045,-1.20622599
61,-2.183402,-0.40523663,-0.5613867,1.023564,-0.06127397,-0.23103182,-0.1443467,-0.18929718,-0.5116702,-0.94431734,0.7293,-0.9724668
62,-1.8697704,-0.35382733,-0.47222304,1.5070846,-0.10026415,-0.23500729,-0.123611644,-0.25777307,-0.41408214,-0.7381001,1.1156,-1.0942299
63,-3.4947877,-1.2969325,12.852049,3.570992,-0.4897152,-0.5009762,-0.49389386,-0.99259025,-1.4869529,-0.15202823,0.0,-1.07654755
64,-3.4993157,-1.3009828,12.806219,3.7694619,-0.4922103,-0.50327796,-0.48334455,-1.0052977,-1.4986708,-0.153971,0.1505,-1.11924146
65,-1.9657468,-0.36811313,-0.49966574,1.0927365,-0.08189213,-0.2303754,-0.12946604,-0.2206771,-0.43976074,-0.8082909,0.8142,-1.049092367
66,-4.5026836,-1.8468355,21.941614,5.5482626,-0.7442481,-0.6686168,-0.7945623,-1.4526287,-2.0957925,1.0302144,0.0,-1.08946679
67,-1.6547714,-0.04602101,-1.6114377,1.5704818,0.16921723,-0.1529768,-0.15956087,0.15130937,-0.06681659,-1.1172479,0.0,-0.8839256
68,-1.4719907,-0.15714376,-0.9445869,3.0881248,-0.098705195,-0.2124602,-0.1364343,-0.24395923,-0.160951,-0.70038956,0.105,-0.9937385
69,-4.512818,-1.8357996,21.534494,5.56781,-0.73266524,-0.6639406,-0.78456527,-1.4357785,-2.092259,0.8274249,0.0,-0.98260225
70,-4.514908,-1.8336397,21.327564,5.570898,-0.7258412,-0.6616768,-0.76712626,-1.4305,-2.098519,0.72572637,0.0,-1.01929466
71,-1.4406589,-0.053464115,-1.350619,1.8342514,-0.017392278,-0.16823874,-0.14342108,-0.06365972,-0.040092975,-0.89211124,0.0,-0.954844767
72,-3.524423,-1.2835567,12.319189,3.4269733,-0.4700573,-0.49299145,-0.48692337,-0.9578695,-1.4820029,-0.2172103,0.0,-1.144364515
73,-2.2937613,-0.44803163,-0.4713307,1.0312681,-0.068264686,-0.23988874,-0.1574508,-0.20510851,-0.56854075,-0.9593285,0.195,-0.929802425
74,-1.9573679,-0.39065796,-0.37365884,1.0749669,-0.09893981,-0.23820892,-0.13475366,-0.25024214,-0.4565448,-0.74974006,0.5582,-1.050742125
75,-3.4754262,-1.2569996,11.887769,3.3477654,-0.45844516,-0.48517394,-0.47336742,-0.93675727,-1.452288,-0.23318028,0.0,-1.032518075
76,-3.444145,-1.2550299,11.922531,3.5981345,-0.46640047,-0.4881912,-0.46445665,-0.9574174,-1.4508897,-0.2087535,0.0,-1.075357485
77,-2.063454,-0.4009981,-0.44380203,1.0178547,-0.08286205,-0.23561028,-0.13955067,-0.2240907,-0.48517713,-0.83414984,0.3028,-1.006316092
78,-2.808336,-0.9155899,6.4288754,2.1864588,-0.30861083,-0.38342544,-0.27977017,-0.6679084,-1.0696687,-0.41776934,1.8871,-1.275559625
79,-2.524202,-0.6176263,0.51514226,1.3796587,-0.14248924,-0.28821808,-0.19454241,-0.35339254,-0.76175016,-0.8144566,0.0308,-1.044230035
80,-2.2204902,-0.609707,2.0798042,1.5177753,-0.20309825,-0.30269566,-0.18617602,-0.45354462,-0.6973543,-0.52462584,0.1087,-1.154327835
81,-2.7786348,-0.9072811,6.3796506,2.1874769,-0.30866775,-0.38205248,-0.2758115,-0.6676125,-1.0575919,-0.407477,0.8699,-1.172031285
82,-2.7366152,-0.8936686,6.2138715,2.3315835,-0.30933312,-0.38074628,-0.2662867,-0.67216825,-1.0421629,-0.39781794,0.6885,-1.185390195
83,-2.329906,-0.6071527,1.372975,1.4497344,-0.17688611,-0.29538375,-0.1870207,-0.40973058,-0.71626115,-0.64205956,0.0204,-1.111678002
84,-2.75403,-0.9088735,6.57494,2.2110343,-0.31584293,-0.38425016,-0.2772606,-0.6793316,-1.0536519,-0.37757427,2.5847,-1.30857088
85,-2.4598467,-0.60414255,0.5487062,1.3894751,-0.14681134,-0.28711674,-0.19016121,-0.35909495,-0.73801404,-0.77949095,0.7202,-1.05942269
86,-2.1708887,-0.60028046,2.122926,1.5425453,-0.20726688,-0.30230686,-0.18240951,-0.45997635,-0.68033487,-0.49577108,0.59,-1.17843999
87,-2.7517598,-0.89855903,6.3200727,2.1799712,-0.30823502,-0.38046667,-0.27372858,-0.6656322,-1.0447701,-0.39955136,1.3803,-1.17226904
88,-2.7491949,-0.9034669,6.3886766,2.2924376,-0.3124397,-0.38288775,-0.26795384,-0.67773384,-1.0527089,-0.38990718,1.5726,-1.21096255
89,-2.2678068,-0.5946523,1.4150546,1.4578469,-0.18125562,-0.29444033,-0.18247771,-0.41573307,-0.69396037,-0.60754657,0.6199,-1.132750057
90,-5.5747256,-1.6816345,11.645406,-0.8198229,-0.17114075,-0.44049865,-0.6419892,-0.3518334,-2.1191576,-1.4845612,2.1892,-1.51599637
91,-3.956078,-0.70609885,-0.9634798,-0.66812366,0.9220952,-0.1943423,-0.26599312,1.363556,-1.0521802,-2.108249,1.2792,-1.20350208
92,-3.2896154,-0.6137802,-0.55536294,-1.5009896,0.987406,-0.15091573,-0.21737309,1.9355141,-0.8031751,-1.7120374,1.5671,-1.34394038
93,-5.32597,-1.6240482,11.64913,-0.8947949,-0.17412575,-0.42941895,-0.61837214,-0.34426662,-2.0205624,-1.3716706,0.9376,-1.34214953
94,-4.7711124,-1.5191512,12.467721,-1.3477777,-0.16839878,-0.39705768,-0.57205695,-0.27944753,-1.8034346,-1.086801,1.0098,-1.38060884
95,-3.3382633,-0.6114728,-0.6611842,-1.1597191,0.86330616,-0.16690491,-0.22472222,1.5679847,-0.8272622,-1.736713,1.3481,-1.293616047
96,-6.8435893,-2.261336,20.261305,-0.68349636,-0.36985275,-0.59178114,-0.96953887,-0.69240916,-2.782513,-1.3294915,0.3603,-1.37564707
97,-3.8930962,-0.42626125,-2.00828,-1.5941347,2.131103,-0.06242273,-0.31064656,4.1530523,-0.7045699,-2.6448355,0.0619,-1.08840578
98,-2.962362,-0.43376383,-0.92688316,-1.9489077,1.405808,-0.08805384,-0.23017836,3.0534554,-0.5363219,-1.7661335,0.4324,-1.21956278
99,-6.4130073,-2.177532,20.712881,-0.8490986,-0.382875,-0.5761256,-0.9340709,-0.6893564,-2.6222131,-1.0998942,0.0,-1.21425803
100,-5.8092914,-2.0689251,21.846336,-1.4749994,-0.36727998,-0.5355753,-0.8859343,-0.5899071,-2.3824987,-0.7862095,0.0,-1.25101974
101,-3.0119698,-0.35523844,-1.3461938,-1.9038082,1.6644273,-0.06404834,-0.24165213,3.540606,-0.47053233,-1.9649508,0.1614,-1.174498347
102,-5.5630183,-1.6438522,10.663499,-0.77168965,-0.1505007,-0.43049976,-0.6267268,-0.32160908,-2.0910308,-1.5584589,0.6212,-1.439404295
103,-4.014347,-0.7362937,-0.88277686,-0.60190344,0.84112597,-0.20533665,-0.27681252,1.1858009,-1.0913119,-2.0929692,0.5367,-1.153264805
104,-3.345253,-0.63147193,-0.53618646,-1.4391323,0.95031095,-0.15753569,-0.2244331,1.8364085,-0.8315126,-1.7228842,0.7609,-1.297999305
105,-5.2849364,-1.5843089,10.7727785,-0.8353276,-0.15907171,-0.42079735,-0.60093164,-0.3244489,-1.9862136,-1.4204957,0.0,-1.280938655
106,-4.758081,-1.4841452,11.53531,-1.2694072,-0.15273122,-0.38963056,-0.55643266,-0.26109943,-1.7795264,-1.1518387,0.0,-1.327001865
107,-3.3951695,-0.630782,-0.6374424,-1.0938058,0.82134974,-0.17413871,-0.23118182,1.4562489,-0.85787374,-1.7457463,0.6478,-1.246768272
108,-4.698438,-1.2324661,4.536766,-1.1281807,0.11861992,-0.3072479,-0.39699927,0.009443164,-1.6115385,-1.721289,2.9697,-1.604786905
109,-4.163055,-0.88108915,-0.3246791,-0.6510181,0.5328257,-0.2429128,-0.30496863,0.6195508,-1.2417622,-1.9305552,0.6019,-1.285007715
110,-3.6330585,-0.84653395,1.0974047,-1.4907926,0.54380476,-0.21151431,-0.2728671,1.0763885,-1.0669644,-1.543383,0.4401,-1.412981015
111,-4.241227,-1.1510026,5.187931,-1.1942128,-0.008443189,-0.29975834,-0.36799255,-0.03452449,-1.4507718,-1.4475513,1.7994,-1.442732465
112,-4.0303307,-1.1009138,5.3767915,-1.6238788,0.14187896,-0.2694878,-0.34287465,0.36313856,-1.3473036,-1.3841888,1.5767,-1.459136375
113,-3.6605098,-0.82459354,0.17510565,-1.1463282,0.4663484,-0.22202611,-0.2735239,0.7903153,-1.0715296,-1.5915471,0.5387,-1.364971282
114,-4.697262,-1.2482784,5.011289,-1.2181904,0.10826546,-0.30769727,-0.40065724,0.03162396,-1.619283,-1.6912203,3.6705,-1.64336846
115,-4.13619,-0.87619066,-0.30744383,-0.74749684,0.57319975,-0.23721616,-0.30148742,0.7352985,-1.2277015,-1.9226128,1.26,-1.31077277
116,-3.5989697,-0.8403288,1.1946381,-1.5948119,0.5855833,-0.2053024,-0.2685201,1.1983768,-1.0501558,-1.5319356,1.1018,-1.44394307
117,-4.4731092,-1.1990726,5.1134953,-1.2920908,0.08415055,-0.29853985,-0.3831459,0.055846214,-1.5308965,-1.5814673,2.4214,-1.46312322
118,-4.039634,-1.1213198,5.913011,-1.7162163,0.12697446,-0.27085933,-0.34834537,0.3776163,-1.3605474,-1.3541851,2.4561,-1.49219223
119,-3.6229703,-0.81716484,0.2630329,-1.247243,0.5065032,-0.21579109,-0.26929006,0.90952265,-1.052996,-1.5787603,1.12,-1.394131237
120,-8.122092,-2.2039213,9.1148205,6.532676,-0.23815738,-0.60762167,-0.89094204,-0.7152526,-3.140448,-2.677201,2.1587,-1.46835335
121,-6.363094,-1.1007878,-1.8812075,4.5453415,1.1614833,-0.29566556,-0.48135158,0.8327712,-1.9089692,-3.4830785,1.1805,-1.13936706
122,-3.9277008,-0.75835633,-0.9360036,7.1467347,-0.07392242,-0.32931206,-0.29085338,-0.36747703,-1.2042555,-1.8054552,1.5173,-1.25839146
123,-7.4379363,-2.0744424,9.608837,6.937703,-0.2935438,-0.60202116,-0.8262063,-0.8064532,-2.9126585,-2.2873578,0.8293,-1.29032551
124,-5.8906198,-1.8249851,11.8736105,8.628516,-0.46976256,-0.6139681,-0.7078879,-1.1098995,-2.4343238,-1.2839235,0.9338,-1.31147312
125,-4.1987586,-0.770003,-1.1586332,6.3053203,-0.010780252,-0.3107563,-0.3073558,-0.24601424,-1.253729,-2.0576952,1.277,-1.213266927
126,-10.12618,-2.9150321,16.670015,9.559504,-0.4304087,-0.793379,-1.2934581,-1.0989671,-4.07081,-2.9135234,0.3487,-1.32703435
127,-6.4447756,-0.81729126,-3.269598,6.0659122,1.8947654,-0.22336164,-0.5394289,2.2254477,-1.6520945,-4.078067,0.0,-1.02574116
128,-3.6690793,-0.5623353,-1.6062186,9.498319,-0.056600798,-0.30742687,-0.2971344,-0.3478524,-0.9920621,-1.9031147,0.3961,-1.13447236
129,-9.451416,-2.7922263,17.299505,10.032053,-0.49087736,-0.79058915,-1.2340922,-1.1992719,-3.8495538,-2.514453,0.0,-1.16283271
130,-7.3302355,-2.4523408,20.494535,11.730969,-0.7195728,-0.80036527,-1.0662504,-1.5837315,-3.1912038,-1.1477731,0.0,-1.18193962
131,-4.19065,-0.53402835,-2.2532318,8.148502,0.42959774,-0.2601655,-0.3465928,-0.07001918,-1.0349959,-2.474208,0.105,-1.094923627
132,-7.7046037,-2.089895,8.525294,5.756193,-0.22202043,-0.57975876,-0.82622874,-0.67069995,-2.9682775,-2.545187,0.6905,-1.422071575
133,-6.2383003,-1.1288046,-1.5864874,3.8016777,1.0243623,-0.30250606,-0.47524482,0.65678966,-1.9037669,-3.3135006,0.5018,-1.115107985
134,-4.084044,-0.8280039,-0.744084,6.5239315,-0.077301934,-0.3379752,-0.3117536,-0.36684522,-1.2849468,-1.8153509,0.7442,-1.231303385
135,-6.9896083,-1.9565982,9.096382,6.1711826,-0.28120413,-0.5745148,-0.75929135,-0.7680729,-2.7316904,-2.1331959,0.0,-1.257796335
136,-5.8659253,-1.7819766,10.918396,7.996721,-0.42916209,-0.5929224,-0.6863964,-1.030068,-2.3914392,-1.3724068,0.0,-1.281098045
137,-4.2664824,-0.8302786,-0.9136658,5.5388155,-0.021926498,-0.3188703,-0.31969544,-0.25547823,-1.309663,-2.0048804,0.6278,-1.187260052
138,-6.139721,-1.5497749,2.9780977,3.9661193,-0.09561916,-0.4465591,-0.5210197,-0.421237,-2.2584655,-2.3144574,2.7501,-1.521624685
139,-6.028168,-1.2311283,-0.83295375,2.9368854,0.5758234,-0.3360725,-0.4693389,-0.015414977,-1.9490429,-2.9064372,0.3006,-1.195962295
140,-4.40698,-1.059764,0.3444386,5.5774117,-0.14780724,-0.38790366,-0.36109614,-0.48996803,-1.5349245,-1.6466407,0.2369,-1.308173495
141,-5.4103374,-1.430433,4.035328,4.754441,-0.17848259,-0.45185652,-0.46889496,-0.56215847,-2.0296128,-1.8422556,1.5348,-1.359002745
142,-4.9551215,-1.3514264,4.4874964,6.336868,-0.25133973,-0.46622428,-0.4428055,-0.70420855,-1.8921632,-1.536357,1.3588,-1.364314955
143,-4.3647056,-1.0143155,-0.08609759,4.5542264,-0.10425979,-0.36354548,-0.3489493,-0.39325756,-1.4774784,-1.7202057,0.3352,-1.263940062
144,-6.4996257,-1.6135495,2.5730581,4.414436,-0.078971766,-0.45590574,-0.56124586,-0.4044408,-2.379053,-2.5142083,3.5545,-1.55729384
145,-6.3067145,-1.273918,-0.9322176,3.351315,0.65709937,-0.3417799,-0.4982821,0.010469198,-2.0379848,-3.0752354,1.0733,-1.21562485
146,-4.368381,-1.0548533,0.40379035,5.892573,-0.15891361,-0.39171186,-0.35938898,-0.5139666,-1.5267895,-1.614107,0.9927,-1.33599675
147,-5.8495464,-1.5001477,3.3003728,4.855699,-0.14010388,-0.454645,-0.5043761,-0.50624955,-2.1701767,-2.1196468,2.2592,-1.3751685
148,-4.933437,-1.3488268,4.5199156,6.5843263,-0.25929007,-0.46923956,-0.4424828,-0.72175187,-1.8882636,-1.516261,2.3298,-1.39382951
149,-4.390943,-1.0163043,-0.11283503,4.969275,-0.10957807,-0.36770377,-0.35341707,-0.40962693,-1.4874759,-1.7336107,0.9869,-1.289239617
150,-6.0038385,-1.8033978,11.266115,3.8502474,-0.33227465,-0.54793537,-0.6977937,-0.7869415,-2.3871403,-1.5189639,2.1691,-1.49300669
151,-4.3419104,-0.7576923,-1.2658926,0.8293301,0.71898603,-0.2377368,-0.28930923,0.5727824,-1.2169285,-2.3205268,1.2166,-1.1705028
152,-3.432752,-0.6163915,-0.94820607,1.5613713,0.19415319,-0.24457453,-0.23154052,-0.057425406,-0.93253994,-1.7145213,1.5347,-1.2976863
153,-5.789964,-1.7547783,11.252849,3.8957615,-0.3433509,-0.54286635,-0.6792172,-0.80152744,-2.3066447,-1.4135437,0.8637,-1.31669575
154,-5.3288627,-1.6881554,12.209224,4.2506566,-0.4004409,-0.54805547,-0.6534825,-0.8943511,-2.165338,-1.0933028,0.9585,-1.34457866
155,-3.4168217,-0.60512304,-0.96497077,0.94512343,0.27466655,-0.23511317,-0.23150039,-0.016137505,-0.9116921,-1.7299229,1.303,-1.250613967
156,-7.1121774,-2.3548186,19.774445,5.846451,-0.5663635,-0.7108455,-0.9977316,-1.2155875,-3.0185544,-1.2608603,0.3514,-1.35228769
157,-4.138117,-0.456069,-2.3838508,1.0171735,1.3615744,-0.15890317,-0.33079973,1.9580234,-0.87668574,-2.6923687,0.0121,-1.0565103
158,-3.0552692,-0.45536605,-1.294547,3.456367,0.0890156,-0.23516145,-0.23867138,-0.095663264,-0.72305876,-1.62487,0.4081,-1.1736802
159,-6.8045816,-2.2911317,19.888338,5.8820896,-0.5849096,-0.7050019,-0.9687126,-1.242153,-2.9093068,-1.0987524,0.0,-1.18933025
160,-6.3425384,-2.2193654,20.705185,6.0475903,-0.6333686,-0.7060142,-0.93685055,-1.318177,-2.7635741,-0.7955724,0.0,-1.21517556
161,-3.0292037,-0.35210037,-1.7009296,2.0669277,0.5134382,-0.18931973,-0.2458158,0.466061,-0.6020442,-1.8229132,0.1257,-1.132084567
162,-5.9330983,-1.7506832,10.289589,3.562866,-0.3016876,-0.52981323,-0.67359394,-0.7293445,-2.3308938,-1.5774703,0.6565,-1.434919315
163,-4.387978,-0.81493104,-1.0316821,0.9087484,0.56278706,-0.25536647,-0.30236077,0.27861392,-1.2749547,-2.2393098,0.5151,-1.136378325
164,-3.5699468,-0.68313026,-0.7543884,1.2302665,0.13564563,-0.2565672,-0.2528482,-0.075576566,-1.009743,-1.7063465,0.7525,-1.263478725
165,-5.7160563,-1.7034079,10.330865,3.618004,-0.31465203,-0.52549475,-0.6556161,-0.74721014,-2.2508466,-1.4654548,0.0,-1.273126475
166,-5.2799563,-1.6428918,11.30589,4.0325875,-0.37260658,-0.5322928,-0.6340351,-0.8425814,-2.119202,-1.1541871,0.0,-1.305410985
167,-3.5156734,-0.65316993,-0.83042634,0.9411485,0.20738125,-0.24639797,-0.24788006,-0.041929364,-0.9695093,-1.7200043,0.6353,-1.216858092
168,-4.9506226,-1.305355,3.9196596,2.112502,-0.13448445,-0.40462062,-0.43072793,-0.4215053,-1.80517,-1.6947573,2.8237,-1.559697725
169,-4.5333652,-0.98232,-0.3680955,1.3001049,0.104850054,-0.30788812,-0.33812064,-0.12097831,-1.4497374,-2.012385,0.4084,-1.236332535
170,-3.8180466,-0.9104824,0.48617518,1.6680874,-0.08611163,-0.3246543,-0.3069371,-0.29399738,-1.25398,-1.4468652,0.3094,-1.354621535
171,-4.5596743,-1.2382487,4.482674,2.2619765,-0.17256002,-0.40381834,-0.40672752,-0.47905347,-1.6746762,-1.44878,1.6341,-1.397411785
172,-4.357334,-1.2009035,4.63709,2.5519416,-0.19332814,-0.40442774,-0.38877818,-0.51647615,-1.6096079,-1.3282058,1.4427,-1.406976495
173,-3.795646,-0.87474936,-0.049261905,1.4095303,-0.061287355,-0.31110328,-0.29973242,-0.2439678,-1.2162428,-1.50626,0.4219,-1.308971102
174,-4.9511485,-1.3161681,4.18138,2.216339,-0.14406335,-0.40939566,-0.43361506,-0.44023544,-1.8152831,-1.6694672,3.6123,-1.59652488
175,-4.4778337,-0.9704353,-0.3636509,1.3093861,0.08702719,-0.3068602,-0.33425215,-0.1256326,-1.4290713,-1.982781,1.1449,-1.25835889
176,-3.7959096,-0.9080006,0.53541976,1.73268,-0.09001502,-0.32557735,-0.30485305,-0.30176973,-1.2487915,-1.4300321,1.0286,-1.38364949
177,-4.7585793,-1.2745624,4.2363977,2.2811887,-0.15654987,-0.40597853,-0.41920456,-0.4575408,-1.7440709,-1.5679437,2.3181,-1.41513664
178,-4.3764396,-1.2170099,4.937166,2.54753,-0.20040102,-0.40881035,-0.39293978,-0.5295625,-1.6266705,-1.3116238,2.3762,-1.43784945
179,-3.734364,-0.86240256,-0.04100295,1.4175988,-0.06559513,-0.3101699,-0.29525366,-0.24988209,-1.1942239,-1.4722191,1.0419,-1.335748557
180,-1.513807,-0.8751785,14.466488,-1.3741255,-0.37350044,-0.33923268,-0.26484308,-0.569846,-0.66913605,3.4246786,0.0,-0.893281395
181,-0.73855233,-0.15255882,-0.013114288,-0.9158868,-0.071051575,-0.15821771,-0.044111528,-0.06343587,0.20169747,-0.14040902,0.2692,-0.757021705
182,-0.77785325,-0.1799706,0.8512416,-1.7459692,0.035479426,-0.11854017,-0.034660995,0.70884144,0.24988163,-0.19044958,0.6515,-0.871212905
183,-1.5223387,-0.85851574,14.0157795,-1.4858123,-0.3469952,-0.32652184,-0.25467342,-0.5156445,-0.6534669,3.131352,0.0,-0.815170855
184,-1.4602238,-0.8380265,14.140761,-2.039586,-0.28591394,-0.29140726,-0.23563753,-0.3607261,-0.598365,2.9698768,0.0,-0.869518465
185,-0.75696677,-0.16333126,0.3784212,-1.4165788,-0.021287,-0.1326961,-0.037834425,0.32759416,0.26183164,-0.17740238,0.3495,-0.829318772
186,-2.2683246,-1.40653,25.135447,-1.6619209,-0.601771,-0.4771534,-0.5658797,-0.9098212,-1.1693213,6.0831532,0.0,-0.814364795
187,-0.39810935,0.80425465,-0.9180773,-1.8706839,0.7122599,-0.026716316,-0.06340824,2.2563229,2.3327966,-0.48384115,0.0,-0.700059005
188,-0.5796761,-0.010003305,-0.26617,-2.3482468,0.6194006,-0.044696428,-0.06104823,2.1854157,1.4793935,-0.35613948,0.0,-0.800889605
189,-2.2746055,-1.3915507,24.772032,-1.8006941,-0.5745835,-0.46376783,-0.5575157,-0.8513306,-1.152403,5.8161755,0.0,-0.764058755
190,-2.2091122,-1.3693203,24.861614,-2.3556697,-0.51246625,-0.42805386,-0.5365848,-0.69491667,-1.0957605,5.646266,0.0,-0.808851465
191,-0.47381067,0.47500873,-0.65962356,-2.2021832,0.7631444,-0.02492392,-0.058469363,2.4397287,2.0312262,-0.45403227,0.0,-0.766323972
192,-1.4272107,-0.81606257,13.321434,-1.3001221,-0.35489985,-0.32691082,-0.23811804,-0.54506195,-0.6123163,3.1840599,0.0,-0.82127332
193,-0.78312373,-0.19919948,0.6127456,-0.7007312,-0.112223126,-0.18231553,-0.043611206,-0.16207102,-0.024962986,-0.07605427,0.0,-0.69727643
194,-0.77096534,-0.2177156,1.6286606,-1.5629182,-0.03543961,-0.14055209,-0.031140834,0.22660792,0.020181954,-0.09626666,0.2847,-0.81144103
195,-1.4277548,-0.7982761,12.84391,-1.3664377,-0.33340627,-0.31657776,-0.22590518,-0.5041959,-0.5974731,2.9279513,0.0,-0.76156738
196,-1.3698002,-0.77899987,12.984966,-1.9183486,-0.27287248,-0.281873,-0.20856579,-0.35002762,-0.5437054,2.764963,0.0,-0.81373409
197,-0.7822071,-0.20972669,1.1523645,-1.1961848,-0.06655762,-0.1579072,-0.035867818,-0.04062357,-0.009697246,-0.09456781,0.0,-0.770179597
198,-1.3195381,-0.62184536,8.589403,-1.3516244,-0.22221772,-0.25976092,-0.13736509,-0.3225954,-0.45085183,1.334212,0.9201,-0.96885983
199,-0.91739285,-0.28515282,1.9668777,-0.7739087,-0.1325454,-0.19918442,-0.053645797,-0.20098792,-0.12418222,-0.03508484,0.1046,-0.83116054
200,-0.972665,-0.35844657,4.0066643,-1.6547499,-0.077960804,-0.1714143,-0.05620571,-0.033160117,-0.1524261,-0.0018156111,0.2804,-0.93360464
201,-1.3385289,-0.6223532,8.496088,-1.3941244,-0.21343541,-0.2563706,-0.13490175,-0.3050007,-0.45389232,1.2175602,0.2606,-0.91709419
202,-1.2976261,-0.6039699,8.501959,-1.8331559,-0.16216826,-0.22749463,-0.12078156,-0.17690091,-0.40948397,1.0288838,0.0376,-0.9384521
203,-0.963384,-0.32708377,3.0430212,-1.2792432,-0.097921304,-0.18240415,-0.054531164,-0.09963899,-0.14346802,-0.031311,0.1914,-0.894430407
204,-1.3289092,-0.6248079,8.672756,-1.4538213,-0.21164072,-0.2545851,-0.1371415,-0.2954122,-0.44978878,1.279744,1.3469,-0.998563785
205,-0.9264976,-0.2879518,2.044921,-0.8715984,-0.12238401,-0.19421898,-0.05343638,-0.17491472,-0.12316354,-0.04571217,0.4876,-0.845799095
206,-0.9792671,-0.361029,4.095415,-1.7605263,-0.06720384,-0.16601843,-0.055383664,-0.005424905,-0.15050262,-0.01137909,0.2898,-0.955895395
207,-1.3590314,-0.6246831,8.502835,-1.4934974,-0.20063786,-0.250638,-0.13562965,-0.274153,-0.45425755,1.104461,0.4918,-0.906397745
208,-1.3136314,-0.6106659,8.644446,-1.9362887,-0.15276968,-0.22320263,-0.1218188,-0.15184097,-0.41265407,0.98327076,0.7898,-0.960015555
209,-0.9690394,-0.32948565,3.132334,-1.384575,-0.08727894,-0.1770198,-0.053637143,-0.072120026,-0.14123921,-0.040300447,0.3599,-0.913762862
210,-1.844355,-0.96188277,13.162634,6.104526,-0.63622314,-0.4960104,-0.32243365,-1.2673405,-0.9409115,3.759013,0.0,-0.810243975
211,-0.638414,-0.12686688,-0.2514895,4.01196,-0.25113449,-0.24966314,-0.046244916,-0.5296702,-0.0125934845,0.159834,0.204,-0.671114585
212,-0.64631444,-0.15177692,-0.24008022,6.6088076,-0.31331205,-0.28428277,-0.03165388,-0.6949133,-0.07380131,0.4982774,0.6179,-0.771762785
213,-1.9639168,-0.9654918,12.430568,6.300617,-0.6144425,-0.49223334,-0.31442297,-1.2406019,-0.9746577,3.166297,0.0,-0.730681535
214,-2.004036,-0.9797924,12.261422,7.6121974,-0.63845855,-0.5081278,-0.30463824,-1.3135438,-1.0156755,3.1604066,0.0,-0.776629045
215,-0.6413051,-0.14213566,-0.23824652,5.6205187,-0.29078293,-0.27140096,-0.0399633,-0.63285303,-0.048710354,0.38900778,0.2952,-0.733344752
216,-2.1959608,-1.4070936,23.201141,8.896374,-0.96729946,-0.66988057,-0.5699455,-1.8623022,-1.3503566,7.68382,0.0,-0.732800075
217,-0.083171085,1.3039086,-1.4203022,5.293212,-0.15961349,-0.17230026,-0.0640321,-0.32494316,2.2852008,-0.15943828,0.0,-0.617168885
218,-0.39581236,0.16321445,-0.8315045,8.2372055,-0.28922635,-0.2584203,-0.046112645,-0.64849013,0.6891623,0.068525404,0.0,-0.703125885
219,-2.3193758,-1.4124917,22.492922,9.097253,-0.94610196,-0.6665742,-0.5626101,-1.8367392,-1.3863183,7.092674,0.0,-0.681397735
220,-2.6642444,-1.4917806,22.287724,10.3836,-0.9543206,-0.68931854,-0.585664,-1.8866733,-1.5356241,6.3199697,0.0,-0.717472945
221,-0.22612324,0.8303449,-1.2096574,6.8764396,-0.21653621,-0.21089804,-0.05188767,-0.47365782,1.5778697,-0.09967853,0.0,-0.672807752
222,-1.8002806,-0.9069414,12.044708,5.467301,-0.5922813,-0.4721826,-0.30112365,-1.1795235,-0.8827508,3.2942421,0.0,-0.7495261
223,-0.68341315,-0.16002983,-0.13474444,3.5246665,-0.25240538,-0.252444,-0.046618532,-0.5279259,-0.047079273,0.23548877,0.0,-0.62253181
224,-0.7344509,-0.20729922,-0.03274568,6.0486875,-0.324037,-0.2928766,-0.05340144,-0.7040148,-0.12762938,0.6612294,0.2537,-0.72039771
225,-1.856212,-0.89923686,11.395758,5.7199874,-0.57729536,-0.46856013,-0.28985187,-1.1634994,-0.89497274,2.90253,0.0,-0.68716706
226,-1.8871974,-0.9128241,11.262643,7.0295854,-0.60269046,-0.48466584,-0.27973676,-1.2385435,-0.9335747,2.934627,0.0,-0.72956707
227,-0.6942982,-0.17621939,-0.10761956,4.999315,-0.2909544,-0.27339435,-0.04977203,-0.6234437,-0.079934515,0.4611936,0.0,-0.683557677
228,-1.5085747,-0.6843819,7.6927958,4.230656,-0.45439515,-0.39304164,-0.17571631,-0.92986995,-0.65685225,1.9297906,0.8048,-0.87025981
229,-0.9240047,-0.31026933,1.7260915,3.0036745,-0.2921041,-0.2838113,-0.07458205,-0.6016116,-0.21840444,0.61304224,0.15,-0.73229582
230,-1.0612274,-0.4154701,3.2667472,5.1639705,-0.37867567,-0.3353555,-0.09734224,-0.80022067,-0.35947093,1.2272185,0.3548,-0.82329802
231,-1.5060675,-0.685661,7.638297,4.668873,-0.46323878,-0.39797252,-0.17103179,-0.95528126,-0.66465485,1.9678746,0.1346,-0.81902257
232,-1.5006578,-0.68892264,7.474427,5.9375105,-0.48872337,-0.41217312,-0.1593701,-1.0279231,-0.6863587,2.071702,0.0,-0.83415808
233,-0.9899824,-0.36407086,2.5479524,4.1630635,-0.33896193,-0.31116357,-0.08819752,-0.70779413,-0.28942654,0.9602983,0.2273,-0.787047887
234,-1.5166786,-0.6896092,7.706386,4.500684,-0.46056357,-0.3969748,-0.17290056,-0.94757825,-0.66775846,1.9495059,1.3485,-0.897110865
235,-0.920049,-0.30927607,1.7189163,3.0786827,-0.2939565,-0.28455997,-0.07493769,-0.6058493,-0.21736436,0.6298151,0.3625,-0.742164875
236,-1.0684131,-0.4204116,3.2793443,5.430996,-0.38479438,-0.33921215,-0.09450027,-0.8177336,-0.36989895,1.2483976,0.2017,-0.842895875
237,-1.5147425,-0.6886255,7.6088505,4.8497868,-0.46611944,-0.40019974,-0.1683919,-0.96530515,-0.6724629,1.956005,0.4112,-0.804781425
238,-1.5078493,-0.6926374,7.465055,6.1587596,-0.4931719,-0.4151476,-0.1566088,-1.0415081,-0.6950802,2.0774305,0.7302,-0.852193435
239,-0.99640507,-0.3683408,2.5861037,4.4309816,-0.34616134,-0.31524763,-0.08987006,-0.725365,-0.29705718,0.996495,0.26,-0.803095442
240,-1.6167849,-0.91677856,13.755304,3.062842,-0.59011334,-0.4590492,-0.30455235,-1.1246055,-0.82520086,4.177954,0.0,-0.847144015
241,-0.6808755,-0.14766435,-0.15408987,1.6556581,-0.20444942,-0.22734559,-0.036564775,-0.41206542,-0.018085027,-0.009789154,0.2286,-0.709215725
242,-0.6065567,-0.12810302,-0.16546504,1.7381338,-0.20870541,-0.22568391,-0.032578897,-0.41783157,0.06360966,0.12146869,0.6313,-0.815377325
243,-1.5765401,-0.88891107,13.235174,2.980782,-0.575566,-0.4502662,-0.29037556,-1.0987178,-0.79630244,4.037297,0.0,-0.768169575
244,-1.4890223,-0.8641195,13.077283,2.8079245,-0.5709003,-0.44387928,-0.2750128,-1.0875494,-0.7600696,4.1587625,0.0,-0.817568085
245,-0.62679017,-0.12870131,-0.18430589,1.699291,-0.20426098,-0.22446147,-0.03364859,-0.40971074,0.04467511,0.025597423,0.3161,-0.775543992
246,-2.258585,-1.415233,23.832468,4.0756145,-0.8663071,-0.6178231,-0.5870838,-1.5932362,-1.3078908,7.17594,0.0,-0.769115415
247,-0.21991296,1.0449669,-1.2598618,2.1052732,-0.09646934,-0.14602856,-0.058759887,-0.1681894,2.0736735,-0.24255042,0.0,-0.654089525
248,-0.3359584,0.37513852,-0.7714235,2.1692383,-0.15586577,-0.18271588,-0.056812733,-0.29252842,1.3203685,-0.08836935,0.0,-0.746069825
249,-2.240977,-1.394934,23.412693,3.8812654,-0.85086787,-0.6094453,-0.57811254,-1.5633186,-1.2870936,7.0095277,0.0,-0.718180475
250,-2.24309,-1.3821372,22.847862,3.9509516,-0.8353031,-0.6035288,-0.54886097,-1.5474155,-1.2894711,6.756932,0.0,-0.757813585
251,-0.22957812,0.87227154,-1.1163667,2.2821481,-0.118939236,-0.15819277,-0.05675232,-0.21558395,1.8876739,-0.18102098,0.0,-0.714037092
252,-1.5503191,-0.8606064,12.631689,2.857697,-0.5571253,-0.4402136,-0.27695462,-1.0654224,-0.7690641,3.8205593,0.0,-0.78192584
253,-0.72277087,-0.17683224,-0.05645677,1.2921988,-0.2063159,-0.23035932,-0.036643703,-0.41322085,-0.049750187,0.009327173,0.0,-0.65606585
254,-0.65849704,-0.16551979,-0.042617258,1.4328445,-0.21473674,-0.23140506,-0.032646377,-0.4285918,-0.02938801,0.21661866,0.2673,-0.76054925
255,-1.5102386,-0.83346236,12.127849,2.7736797,-0.54295045,-0.4316279,-0.26276478,-1.0402387,-0.740859,3.6862566,0.0,-0.7204649
256,-1.3794874,-0.8038191,12.12681,2.6709597,-0.546658,-0.42698652,-0.24979737,-1.0420226,-0.69094896,3.9937575,0.0,-0.76697371
257,-0.6811345,-0.1681184,-0.055444624,1.4050589,-0.2112072,-0.23079562,-0.033575762,-0.42262968,-0.035727896,0.12909251,0.0,-0.721801017
258,-1.3817652,-0.64676493,7.736658,2.119895,-0.4107276,-0.3634273,-0.15970924,-0.81222993,-0.5786467,1.9826094,0.8605,-0.91338965
259,-0.9458888,-0.32162142,2.0204911,1.358096,-0.2585576,-0.2674503,-0.065657884,-0.51805186,-0.2186491,0.46600828,0.1418,-0.77554006
260,-0.96263546,-0.36835766,3.108069,1.4548264,-0.2895278,-0.28340623,-0.0774695,-0.5750433,-0.26159367,0.9111471,0.3498,-0.87123316
261,-1.3655548,-0.6391738,7.6267314,2.1128688,-0.40827736,-0.36150467,-0.1561067,-0.80781907,-0.5697574,1.9732403,0.1844,-0.86199011
262,-1.2481674,-0.6028649,7.3885517,1.9216201,-0.40277624,-0.35296032,-0.14180882,-0.7921387,-0.51593965,2.1328354,0.0,-0.87965922
263,-0.95216715,-0.34515443,2.5758183,1.4057206,-0.27439627,-0.2755296,-0.070933156,-0.5473399,-0.24011974,0.69842434,0.2129,-0.833800327
264,-1.3691036,-0.6453003,7.7756586,2.1216054,-0.41246626,-0.3636285,-0.15936624,-0.81482804,-0.5748525,2.0311801,1.3442,-0.941398705
265,-0.9420268,-0.3200084,2.0069222,1.3663462,-0.25863168,-0.2672616,-0.06594678,-0.5179111,-0.21631372,0.47102007,0.4124,-0.787352215
266,-0.94585055,-0.36596188,3.146549,1.4559376,-0.29143193,-0.283489,-0.07669273,-0.5778413,-0.25627038,0.9695394,0.2375,-0.891902615
267,-1.3638777,-0.6374974,7.6014123,2.109986,-0.4076681,-0.36107257,-0.15656911,-0.8062815,-0.56760573,1.9663354,0.449,-0.849156765
268,-1.2521275,-0.6024004,7.3638163,1.8126616,-0.3992488,-0.35135627,-0.14118882,-0.7842912,-0.51534736,2.0977242,0.7552,-0.899124475
269,-0.949697,-0.34437776,2.5723267,1.4123834,-0.27460754,-0.2754978,-0.0710383,-0.54762036,-0.23891596,0.7040143,0.3028,-0.851161082
270,-3.2356637,-1.2071358,13.077371,-0.9810974,-0.30297527,-0.38928837,-0.44362292,-0.51030856,-1.2752174,-0.22926746,1.0258,-1.24055537
271,-1.9894608,-0.3708965,-0.35696486,-0.80886996,0.11519003,-0.17448585,-0.13789487,0.29845965,-0.384581,-0.8923516,0.7785,-1.01282308
272,-1.8521309,-0.3695295,-0.11642516,-1.6334699,0.42105782,-0.13438205,-0.11630986,1.1968483,-0.31754538,-0.829703,1.1666,-1.14599248
273,-3.2028978,-1.1837354,12.650892,-1.0707102,-0.2815476,-0.37732038,-0.4272208,-0.46724653,-1.248833,-0.26283592,0.5295,-1.11394808
274,-3.034492,-1.1417084,12.817404,-1.6082735,-0.22858591,-0.34109494,-0.39824644,-0.32578373,-1.1571666,-0.23711875,0.3022,-1.16270819
275,-1.8977963,-0.36219248,-0.23795116,-1.3124274,0.31822467,-0.14791994,-0.12466116,0.88101304,-0.33471027,-0.8622227,0.8555,-1.097330047
276,-4.1570697,-1.7203814,22.06223,-1.0118858,-0.50787085,-0.5259833,-0.73685116,-0.8401047,-1.810949,0.532946,2.2396,-1.16463817
277,-1.6668075,-0.0556278,-1.2900207,-1.7781374,1.214726,-0.040668488,-0.15732923,2.9327369,0.20308477,-1.2586857,0.0,-0.92338983
278,-1.5202765,-0.17232354,-0.5442732,-2.1820145,0.9343624,-0.061104417,-0.13235466,2.5434914,-0.02646022,-0.91868955,0.1715,-1.04632603
279,-4.1795635,-1.7137326,21.851719,-1.1885133,-0.4795437,-0.51258296,-0.7318321,-0.7763061,-1.8014774,0.26806262,1.2103,-1.05163423
280,-3.9851894,-1.6630261,21.931667,-1.7226399,-0.42580262,-0.4748067,-0.6984497,-0.6336496,-1.6985406,0.4245849,1.2281,-1.08394699
281,-1.5709441,-0.09385075,-0.972465,-2.102121,1.178973,-0.038807787,-0.142024,2.9863882,0.18130201,-1.1174713,0.0,-1.002520797
282,-3.1386056,-1.140261,11.776329,-0.9205824,-0.27880016,-0.37385708,-0.41136894,-0.47546807,-1.2107023,-0.28786477,1.5463,-1.187669895
283,-2.0567682,-0.40525934,-0.28725657,-0.6741527,0.005279362,-0.18953063,-0.14252041,0.022664785,-0.43616453,-0.8779093,0.201,-0.959181155
284,-1.9224144,-0.40270343,-0.052941393,-1.5115511,0.32345223,-0.14825562,-0.1216739,0.9500159,-0.36756396,-0.821046,0.5429,-1.093397605
285,-3.1305847,-1.1290058,11.516366,-0.98774797,-0.263509,-0.36610916,-0.40044162,-0.44527122,-1.1995827,-0.31602857,0.7958,-1.079646255
286,-2.9738388,-1.0907344,11.692706,-1.4990162,-0.2134097,-0.33199456,-0.37269908,-0.31157967,-1.114775,-0.29174656,0.4291,-1.115999415
287,-1.9701961,-0.4011488,-0.15522206,-1.1622015,0.19192684,-0.16497448,-0.12906198,0.56559956,-0.39262256,-0.8426997,0.3218,-1.045693472
288,-2.6546924,-0.85670185,6.8816347,-1.218986,-0.12825769,-0.27973077,-0.24935095,-0.19977146,-0.90181416,-0.52131337,2.0668,-1.325736805
289,-2.248756,-0.5304932,0.5859501,-0.7286441,-0.036891114,-0.21782835,-0.1649419,-0.06840477,-0.5794704,-0.80464023,0.1509,-1.095475815
290,-2.156102,-0.57476157,2.7166736,-1.564614,0.0130077,-0.19031116,-0.15689221,0.3657719,-0.55754894,-0.6845736,0.6112,-1.224859565
291,-2.6942992,-0.86194533,6.8035946,-1.2787728,-0.11682296,-0.27596018,-0.24883695,-0.17643003,-0.91164845,-0.5557323,0.6177,-1.198378965
292,-2.5395977,-0.8260042,6.997433,-1.6998513,-0.07823186,-0.24781115,-0.2257551,-0.06969827,-0.83251804,-0.51875037,1.0754,-1.243883575
293,-2.1668196,-0.5481725,1.7784231,-1.2188259,-0.013487602,-0.20025085,-0.1567683,0.077818274,-0.5547599,-0.7256379,0.5839,-1.174040532
294,-2.6182327,-0.8506506,7.00012,-1.320403,-0.12095151,-0.2738898,-0.24562418,-0.1771413,-0.88453406,-0.50645155,2.5708,-1.36208541
295,-2.2012918,-0.5214905,0.6854334,-0.82100976,-0.030684805,-0.21203688,-0.16005932,-0.04827242,-0.5582094,-0.7848289,1.1689,-1.11717632
296,-2.1187356,-0.5674807,2.8065352,-1.6641601,0.052114725,-0.18419325,-0.15271299,0.48251092,-0.53924334,-0.6715228,1.2606,-1.25965937
297,-2.6520593,-0.85372573,6.8956633,-1.3752507,-0.10966771,-0.26994225,-0.24429779,-0.15439557,-0.891802,-0.5396825,1.5515,-1.22621807
298,-2.5250857,-0.8253474,7.1282253,-1.7979767,-0.07062407,-0.24289528,-0.22446382,-0.047259834,-0.82388204,-0.513163,1.8644,-1.27733688
299,-2.141017,-0.5433959,1.8646495,-1.316417,-0.005248714,-0.19450493,-0.15363188,0.19592774,-0.540813,-0.7183386,1.2416,-1.205885587
300,-4.088635,-1.4282384,12.253321,6.943785,-0.52551883,-0.55159503,-0.53860974,-1.1352848,-1.7501839,-0.4085644,1.8055,-1.2012559
301,-2.3814886,-0.43986303,-0.69764215,4.903938,-0.12767921,-0.2764728,-0.17428105,-0.3761492,-0.6157449,-0.99799293,1.2224,-0.96300201
302,-2.3557928,-0.48583528,-0.5137848,7.464555,-0.21501048,-0.32077858,-0.17865264,-0.5784401,-0.6808359,-0.8383937,1.4152,-1.10128596
303,-4.0405765,-1.4089752,11.962221,7.3018847,-0.52835673,-0.5511872,-0.52931684,-1.1466742,-1.7305815,-0.40107495,0.8539,-1.07168481
304,-4.011452,-1.4172829,12.137936,8.707829,-0.56827796,-0.57075924,-0.5293618,-1.2422612,-1.7484636,-0.33452967,1.0475,-1.12101407
305,-2.328841,-0.45730478,-0.5983175,6.400523,-0.1792926,-0.3009144,-0.17127149,-0.49518648,-0.6397466,-0.8898827,1.3449,-1.048964327
306,-4.919296,-1.93201,21.0463,9.823917,-0.8021898,-0.72238797,-0.82074034,-1.6466188,-2.2981803,0.17300859,2.1912,-1.1188524
307,-2.1336071,-0.12663482,-1.8670384,6.5553565,-0.029460823,-0.21187997,-0.21041064,-0.17834477,-0.27478063,-1.3321196,1.9325,-0.89384016
308,-1.9009613,-0.25763497,-1.1154605,9.457782,-0.20766261,-0.2938386,-0.16845274,-0.5656087,-0.401574,-0.81914663,2.0364,-1.02703041
309,-5.0155406,-1.9435469,20.725132,10.142915,-0.7963919,-0.7247512,-0.82486457,-1.6454213,-2.3305235,-0.032546658,1.4898,-1.00325186
310,-5.0813613,-1.9753703,20.88805,11.6275215,-0.8328026,-0.7477342,-0.8269858,-1.7414147,-2.3898444,-0.012361643,1.3315,-1.03546297
311,-1.8448511,-0.16514117,-1.4474319,7.9163995,-0.12979536,-0.25043145,-0.16506182,-0.3903775,-0.28744453,-0.9749524,1.8013,-0.972399777
312,-4.0082164,-1.372697,11.285262,6.3485403,-0.48806357,-0.5294456,-0.5111646,-1.0606083,-1.6872345,-0.46984133,1.3813,-1.142732175
313,-2.455548,-0.4970851,-0.47448355,4.085312,-0.1343004,-0.28265306,-0.18592003,-0.37690628,-0.6698409,-0.9591824,0.5174,-0.913358335
314,-2.4966762,-0.5548262,-0.3062136,6.80379,-0.22034462,-0.329588,-0.19891755,-0.5801534,-0.7575907,-0.8348525,0.8057,-1.046611985
315,-3.986042,-1.3569608,10.929718,6.650428,-0.48644295,-0.52816796,-0.50199425,-1.0644146,-1.6755421,-0.48232237,0.8095,-1.029946135
316,-3.956681,-1.3642033,11.082743,8.0226145,-0.52493614,-0.54700774,-0.5015917,-1.1569319,-1.6921934,-0.4185392,0.4747,-1.068791545
317,-2.447266,-0.51722187,-0.40990224,5.683058,-0.1817435,-0.30716822,-0.18847072,-0.49022633,-0.7041339,-0.8851227,0.6292,-0.995350602
318,-3.3510091,-1.0456684,6.194515,4.969742,-0.3427127,-0.42993662,-0.32454708,-0.79478276,-1.3144677,-0.6326944,2.429,-1.278415485
319,-2.7060397,-0.65528077,0.19423257,3.4482353,-0.17527921,-0.3149706,-0.21659799,-0.45084524,-0.8480889,-0.87703127,0.9382,-1.035022945
320,-2.8127208,-0.7625963,1.9384556,6.014698,-0.27886516,-0.37352702,-0.24248688,-0.6846315,-0.98811764,-0.71044534,1.0211,-1.174723995
321,-3.3957314,-1.0528253,6.06547,5.3013134,-0.3449759,-0.4336458,-0.32688752,-0.80630606,-1.3330868,-0.657317,1.1309,-1.145518495
322,-3.338005,-1.0493777,6.094266,6.739271,-0.3830131,-0.4509823,-0.32234842,-0.8986848,-1.336531,-0.5887015,1.4473,-1.195686205
323,-2.7495096,-0.71226287,1.1671134,4.948223,-0.23539737,-0.34812233,-0.2286603,-0.5866443,-0.92206496,-0.77450716,1.1537,-1.120945812
324,-3.3143718,-1.0408033,6.2443266,5.3151875,-0.3542367,-0.43404436,-0.3235151,-0.8198833,-1.3068224,-0.6011138,2.7996,-1.31827049
325,-2.6658719,-0.6498346,0.24974807,3.7927384,-0.1871058,-0.31905082,-0.21531379,-0.47636732,-0.83927804,-0.84323895,1.6343,-1.0676644
326,-2.7787166,-0.7588251,1.9983566,6.342752,-0.29007253,-0.37762567,-0.24117497,-0.70917714,-0.9819614,-0.6797911,1.5858,-1.21278375
327,-3.3571,-1.047592,6.1177216,5.6446376,-0.35661155,-0.43770733,-0.32570538,-0.8315105,-1.3247312,-0.6245968,1.8405,-1.1806622
328,-3.318922,-1.0455722,6.081473,6.976123,-0.38935202,-0.4533363,-0.32173178,-0.9132908,-1.3320479,-0.57411134,2.0957,-1.23301631
329,-2.7251136,-0.7104503,1.2188278,5.3322997,-0.24731079,-0.35306272,-0.22876035,-0.6134624,-0.9197208,-0.7477762,1.6611,-1.157749117
330,-3.4345074,-1.2816781,12.82446,3.5571878,-0.49165487,-0.4988617,-0.4897711,-0.9935447,-1.4620112,-0.124973945,1.4842,-1.21129599
331,-2.1392791,-0.39758274,-0.5488128,1.0913432,-0.0668512,-0.2315615,-0.1426624,-0.19856392,-0.49699187,-0.91519195,1.025,-0.97706435
332,-1.8611088,-0.35319528,-0.47621152,1.860389,-0.10860672,-0.2390546,-0.12266081,-0.2788715,-0.41618878,-0.72632045,1.3147,-1.1144149
333,-3.4367802,-1.2662419,12.352207,3.5498486,-0.47802696,-0.4927888,-0.47825715,-0.9724575,-1.4531225,-0.16805556,0.5988,-1.0829716
334,-3.4315186,-1.2657123,12.22069,3.667617,-0.47642112,-0.49277622,-0.4618476,-0.97793514,-1.4602511,-0.1751182,0.813,-1.13247076
335,-1.9167708,-0.35979638,-0.48697573,1.215496,-0.0890183,-0.2314992,-0.12712145,-0.23367889,-0.4243929,-0.7753057,1.1724,-1.062848767
336,-4.397835,-1.7973372,21.203829,5.487418,-0.7271439,-0.6556811,-0.7688773,-1.4224995,-2.038815,0.95501006,2.9416,-1.17481734
337,-1.601984,-0.036132824,-1.6010481,1.7045844,0.13250196,-0.15397538,-0.15772796,0.0858711,-0.04909813,-1.0830071,0.0,-0.8855744
338,-1.5402707,-0.1689358,-0.96765167,3.1545324,-0.093770914,-0.21357584,-0.13993183,-0.23889165,-0.18518046,-0.7424547,2.0059,-1.0430065
339,-4.392879,-1.7853817,20.861288,5.509435,-0.7181077,-0.6514958,-0.75830156,-1.4097382,-2.0316129,0.81789744,1.515,-1.0207486
340,-4.4347415,-1.7952276,20.741516,5.4989457,-0.71146286,-0.6512012,-0.7460071,-1.4052325,-2.0547976,0.6547824,1.314,-1.05225266
341,-1.4563171,-0.051567744,-1.3861207,2.2843266,-0.02287283,-0.17200008,-0.14653829,-0.08068869,-0.045294214,-0.9032056,1.8822,-0.989691767
342,-3.3665981,-1.2235638,11.6421385,3.2875133,-0.4553679,-0.47846085,-0.4584384,-0.92858905,-1.4046968,-0.20281151,1.2881,-1.156108415
343,-2.2049985,-0.45236197,-0.34726936,1.1142051,-0.09140553,-0.24681003,-0.15644252,-0.24481349,-0.5557766,-0.85931635,0.2772,-0.928470525
344,-1.9736872,-0.39888445,-0.35542053,1.1574683,-0.102489166,-0.24091573,-0.13560748,-0.25910425,-0.46814728,-0.7478008,0.6378,-1.057914975
345,-3.3339221,-1.2019929,11.247027,3.2263243,-0.4444317,-0.47175428,-0.44729304,-0.90917283,-1.3821187,-0.22313128,0.7361,-1.045019825
346,-3.3497071,-1.2119215,11.285627,3.5269382,-0.45124093,-0.47672567,-0.44015107,-0.93102056,-1.4012855,-0.22044884,0.4627,-1.084116385
347,-2.0291533,-0.39619535,-0.42867404,1.0260237,-0.0867749,-0.23582733,-0.13742943,-0.23017202,-0.47469258,-0.810435,0.4518,-1.009452742
348,-2.7714427,-0.90494996,6.37514,2.1900547,-0.30907497,-0.38180572,-0.2767214,-0.66751355,-1.0535583,-0.40412146,2.26,-1.292332225
349,-2.4713783,-0.6030143,0.45587927,1.3788652,-0.14349711,-0.2860529,-0.1904351,-0.35328504,-0.7390813,-0.7935234,0.6572,-1.054011485
350,-2.2343068,-0.6127289,2.0568225,1.5747479,-0.20307247,-0.3035086,-0.18583654,-0.45549724,-0.7038199,-0.53205866,0.8686,-1.191630385
351,-2.7614708,-0.89714015,6.230148,2.1696293,-0.30509254,-0.37939817,-0.27385423,-0.660089,-1.0452617,-0.41242853,0.9411,-1.161306435
352,-2.765041,-0.90055555,6.196991,2.3698227,-0.30822158,-0.38180238,-0.26601014,-0.6727864,-1.0549968,-0.4125177,1.282,-1.211152945
353,-2.3052688,-0.5998802,1.3301809,1.4580348,-0.17713547,-0.2942915,-0.18472491,-0.40955243,-0.70553046,-0.63341,0.9469,-1.138744752
354,-2.7103548,-0.8921692,6.4079304,2.2010133,-0.31324822,-0.38079172,-0.27265114,-0.67304784,-1.0310239,-0.37080026,2.6972,-1.33117213
355,-2.4204996,-0.5926639,0.4913547,1.3972983,-0.14743447,-0.2854297,-0.18735154,-0.3587862,-0.7205572,-0.7647958,1.4508,-1.08348414
356,-2.2140844,-0.61063063,2.1052625,1.6428941,-0.2069553,-0.3045131,-0.18402384,-0.46330324,-0.69930166,-0.5161363,1.4715,-1.22860689
357,-2.7175498,-0.88827384,6.261362,2.1941626,-0.30871516,-0.3789781,-0.27121377,-0.66538715,-1.0294242,-0.38735107,1.719,-1.19451004
358,-2.787189,-0.9040443,6.152958,2.3046665,-0.30426815,-0.38099456,-0.26581758,-0.665907,-1.0621428,-0.4291194,2.0361,-1.2471399
359,-2.2429483,-0.58699363,1.3670865,1.4701843,-0.18150714,-0.29331562,-0.18057202,-0.41543254,-0.6826947,-0.59909314,1.5107,-1.173772907
360,-5.60078,-1.6639751,11.0812645,-0.914323,-0.14300522,-0.42777848,-0.6352879,-0.29553658,-2.105583,-1.5592277,2.1569,-1.51596992
361,-4.0339828,-0.71738285,-0.98785657,-0.69278544,0.97127724,-0.19309838,-0.27402276,1.4565982,-1.0737046,-2.160267,1.2717,-1.20348038
362,-3.2688363,-0.6113482,-0.53743285,-1.5477178,0.99840593,-0.14857571,-0.21596363,1.9785608,-0.7945916,-1.7001469,1.5403,-1.34396118
363,-5.2548194,-1.5894734,11.174037,-0.9589324,-0.15658802,-0.41737214,-0.60211533,-0.30773574,-1.9772488,-1.386884,0.8793,-1.34211503
364,-4.694032,-1.485005,12.069807,-1.4442884,-0.1494212,-0.3837786,-0.5568208,-0.23685355,-1.7569923,-1.0965376,1.007,-1.38056559
365,-3.3152215,-0.60696954,-0.6487141,-1.2115114,0.88011,-0.16380058,-0.22385536,1.626083,-0.8157446,-1.7266617,1.3456,-1.293538347
366,-6.4783525,-2.1484048,19.371117,-0.72839296,-0.3567725,-0.56823325,-0.91308403,-0.6621551,-2.6247134,-1.2343869,3.0945,-1.44618537
367,-4.157045,-0.4609994,-2.105836,-1.6967125,2.3192513,-0.05600474,-0.33717576,4.5152526,-0.77344376,-2.8300834,0.0,-1.09075893
368,-2.927679,-0.4196194,-0.94415444,-2.022026,1.4520736,-0.08129164,-0.22856958,3.1787243,-0.5125126,-1.7659464,0.3403,-1.22311128
369,-6.102385,-2.0893116,20.197136,-0.9213325,-0.37433407,-0.55704784,-0.8899981,-0.6643193,-2.491607,-1.0023017,1.6446,-1.26154448
370,-5.6464095,-2.0064292,21.176996,-1.5587353,-0.34635437,-0.51743555,-0.85708827,-0.54426235,-2.2987769,-0.77595717,1.4335,-1.27622639
371,-2.9851587,-0.34272754,-1.3634814,-1.9814886,1.7153313,-0.057193648,-0.24074534,3.6751738,-0.44928956,-1.969245,0.0,-1.176286997
372,-5.3328743,-1.5735321,10.164303,-0.8256521,-0.14103194,-0.41477296,-0.5940605,-0.29699692,-1.9896096,-1.4963126,1.8101,-1.464826595
373,-3.995936,-0.73513335,-0.8617285,-0.6399414,0.8452389,-0.20381069,-0.2761306,1.213102,-1.084575,-2.079717,0.3624,-1.154574355
374,-3.3234074,-0.62925726,-0.5166068,-1.4872378,0.96095693,-0.15520029,-0.22249515,1.8785194,-0.8230712,-1.7099749,0.671,-1.298131055
375,-5.0895247,-1.5193089,10.221321,-0.8930689,-0.14613965,-0.40500554,-0.57188237,-0.2938353,-1.895056,-1.3804132,1.0981,-1.309474305
376,-4.633133,-1.4337215,10.940371,-1.33962,-0.13356392,-0.37431988,-0.5310128,-0.2210942,-1.7141145,-1.1520748,0.501,-1.333606615
377,-3.371116,-0.6276331,-0.6190072,-1.1374621,0.8291931,-0.1719339,-0.2299933,1.4937536,-0.84802496,-1.7315781,0.5323,-1.247040922
378,-4.677919,-1.2234591,4.4607515,-1.1764127,0.15287495,-0.302633,-0.3944218,0.09507978,-1.5972987,-1.7241219,2.9825,-1.604650505
379,-4.1492085,-0.87425864,-0.338133,-0.6909976,0.5626565,-0.23911826,-0.30281505,0.69211185,-1.2312093,-1.9348541,0.6284,-1.284883115
380,-3.5939395,-0.8358942,1.0728261,-1.5287856,0.56075406,-0.2077729,-0.26840654,1.127571,-1.048812,-1.5312965,1.081,-1.424634715
381,-4.468434,-1.1835512,4.711054,-1.2406358,0.10636598,-0.29641208,-0.37981087,0.073691964,-1.5198693,-1.6074084,1.5679,-1.430078465
382,-3.993283,-1.0905532,5.3505836,-1.6654719,0.16168559,-0.26554593,-0.33863196,0.42088187,-1.3295331,-1.3737313,1.8437,-1.461880425
383,-3.6195486,-0.8124277,0.12832211,-1.1821984,0.48424983,-0.21806143,-0.269582,0.8443371,-1.0514615,-1.5801319,1.0928,-1.370473082
384,-4.6593156,-1.2265562,4.7106285,-1.2746273,0.17389393,-0.2991737,-0.3937911,0.1775347,-1.5910317,-1.7061666,3.6166,-1.64357341
385,-4.101507,-0.8657276,-0.31563902,-0.78219306,0.59115386,-0.23356532,-0.29808,0.78787625,-1.2103418,-1.9136375,1.588,-1.31279972
386,-3.5715427,-0.83171123,1.1563272,-1.6291859,0.60483825,-0.20189916,-0.265501,1.2515529,-1.0358545,-1.5262839,1.7189,-1.46299217
387,-4.4393783,-1.1791006,4.824846,-1.339825,0.14403605,-0.29084477,-0.3765552,0.18654525,-1.5055217,-1.5963229,2.4604,-1.46345582
388,-3.9892623,-1.0971915,5.6100683,-1.7611235,0.1831665,-0.2627369,-0.33995044,0.502246,-1.3288425,-1.3617364,2.6723,-1.49911433
389,-3.580206,-0.8047625,0.21965693,-1.2816616,0.5226327,-0.21191776,-0.26523826,0.9600104,-1.0324694,-1.5659688,1.666,-1.406570487
390,-8.4865055,-2.2469826,8.123682,6.995343,-0.20553432,-0.6096367,-0.92302936,-0.6718674,-3.2464085,-2.9301143,2.5992,-1.48407775
391,-6.7466745,-1.1653455,-1.988697,5.0379767,1.2634284,-0.30446932,-0.5214224,0.9404589,-2.035725,-3.7049522,1.6011,-1.15930111
392,-4.078157,-0.78872675,-0.9650574,7.809776,-0.07902207,-0.33963132,-0.308054,-0.39056644,-1.2634131,-1.8743982,1.7561,-1.30372621
393,-7.8055887,-2.1184342,8.625048,7.408296,-0.26118284,-0.6043083,-0.85903454,-0.76360077,-3.0199122,-2.540984,1.4588,-1.30786216
394,-5.808983,-1.790469,11.373126,8.948804,-0.467487,-0.6095131,-0.6916088,-1.1115234,-2.3962686,-1.2793021,1.5675,-1.34212852
395,-4.6574335,-0.85030633,-1.2751484,6.87248,0.063474834,-0.32185164,-0.35325304,-0.22255574,-1.4088582,-2.3185701,1.7291,-1.249334777
396,-10.136532,-2.8885677,15.884632,10.086909,-0.42156297,-0.7900015,-1.2907399,-1.0917975,-4.0554557,-2.9728987,2.6579,-1.38292155
397,-6.783867,-0.8811825,-3.3368237,6.6155314,1.9531908,-0.23448215,-0.5740722,2.2495117,-1.7721833,-4.259294,2.0922,-1.07822136
398,-3.8242245,-0.581014,-1.6975542,10.027158,-0.04978293,-0.3120664,-0.3112559,-0.3477267,-1.0410936,-2.0050561,2.2396,-1.22005721
399,-9.616861,-2.8032234,16.624475,10.724838,-0.48211962,-0.79456127,-1.2541862,-1.1960024,-3.8927197,-2.6355739,2.0261,-1.22003381
400,-7.8189087,-2.5155675,19.302303,12.364062,-0.67982066,-0.80503273,-1.1103703,-1.5329397,-3.338076,-1.4746891,1.8298,-1.23889022
401,-4.5889616,-0.5870405,-2.4320612,8.641123,0.5823442,-0.26459542,-0.38736707,-0.029720997,-1.1536658,-2.7341685,2.1145,-1.166310927
402,-8.020449,-2.1214988,7.504884,6.16695,-0.18949507,-0.57954466,-0.8510252,-0.62639666,-3.0562322,-2.7783237,1.2013,-1.241290475
403,-6.6671534,-1.1997983,-1.7124671,4.2942047,1.149571,-0.31124026,-0.5189206,0.8006586,-2.0442133,-3.5656877,0.6427,-1.119771035
404,-4.111327,-0.84950656,-0.6768871,6.935824,-0.094998024,-0.348356,-0.31790546,-0.406287,-1.3126115,-1.7886887,1.1863,-1.261265785
405,-7.1770205,-1.9642785,8.185419,6.5716457,-0.25740644,-0.5723781,-0.77138615,-0.73663235,-2.7764986,-2.2940156,0.8205,-1.268272935
406,-5.77187,-1.7429821,10.364339,8.278262,-0.4249649,-0.58699197,-0.66666126,-1.0280331,-2.3477538,-1.3675113,0.3592,-1.294703145
407,-4.498052,-0.8784092,-0.9398449,6.123947,-0.021775698,-0.3304114,-0.34600464,-0.26920915,-1.3970946,-2.1144068,1.2445,-1.207369452
408,-6.837276,-1.6676499,2.0348365,4.625082,-0.053667035,-0.46001577,-0.592614,-0.3697226,-2.4872758,-2.7213128,3.3174,-1.563483285
409,-6.6783333,-1.3327992,-1.0539639,3.592978,0.79730046,-0.34620896,-0.53288984,0.20279562,-2.1565514,-3.3043225,1.513,-1.233663645
410,-4.4409666,-1.0704612,0.34607428,6.101657,-0.15880519,-0.3955075,-0.36453095,-0.51989603,-1.5563678,-1.6494763,1.5136,-1.382938145
411,-6.212445,-1.559059,2.744618,5.081164,-0.11352489,-0.45934114,-0.538636,-0.46986958,-2.2869523,-2.3402548,2.0393,-1.385073295
412,-4.9672675,-1.3577241,4.506541,6.8375006,-0.26329944,-0.47319475,-0.44451496,-0.7348032,-1.9055146,-1.5275335,2.1947,-1.421448205
413,-4.52813,-1.0364318,-0.17315052,5.263519,-0.10202024,-0.37096974,-0.3649767,-0.40439177,-1.5326365,-1.8195505,1.6865,-1.326302762
414,-7.225053,-1.7412761,1.7438028,5.1345525,-0.040501725,-0.4722743,-0.63996696,-0.35943183,-2.6203003,-2.9229476,3.7537,-1.60569624
415,-6.984826,-1.3803347,-1.1609023,4.031916,0.88734865,-0.35242742,-0.5645296,0.30113256,-2.2547374,-3.4895344,2.1296,-1.2705536
416,-4.4461365,-1.0705055,0.28095227,6.5057964,-0.16669147,-0.39990124,-0.36721584,-0.54028904,-1.5608987,-1.646867,2.0945,-1.4235639
417,-6.584719,-1.629846,2.4683967,5.5882053,-0.10142972,-0.4713729,-0.58449143,-0.4611298,-2.4147842,-2.5330505,2.7794,-1.4244176
418,-4.950893,-1.3540112,4.482465,7.0616407,-0.26889816,-0.4753065,-0.44403848,-0.7479321,-1.9014653,-1.5155926,2.919,-1.46193156
419,-4.8278456,-1.0831791,-0.27706754,5.7028403,-0.08472295,-0.37722823,-0.39573118,-0.38599488,-1.629096,-2.0001361,2.1407,-1.366031017
420,-5.9687552,-1.7787112,10.789897,3.838113,-0.32036746,-0.5407506,-0.68480825,-0.76702434,-2.3625422,-1.5439543,2.2615,-1.49338194
421,-4.4172463,-0.76731247,-1.2973078,0.856197,0.7536584,-0.23785038,-0.29852864,0.630257,-1.2375582,-2.370261,1.3779,-1.17200885
422,-3.4297988,-0.62251025,-0.92335844,1.9209554,0.13332462,-0.25072956,-0.23302077,-0.08531263,-0.94111186,-1.6927804,1.6589,-1.31406485
423,-5.7528305,-1.7294546,10.771778,3.8823237,-0.331375,-0.53555024,-0.66594017,-0.7814377,-2.2811458,-1.4379864,1.0358,-1.31763695
424,-5.2667866,-1.6545781,11.639011,4.1538467,-0.38496062,-0.53795093,-0.6332819,-0.8675044,-2.129152,-1.1157454,1.3193,-1.35126041
425,-3.4193103,-0.6064746,-0.9642005,1.0187238,0.2661512,-0.23618484,-0.2311699,-0.020835018,-0.9144579,-1.7289374,1.549,-1.260702217
426,-7.0404696,-2.3152406,19.162401,5.811632,-0.5522647,-0.7005687,-0.98370546,-1.1889204,-2.9727259,-1.2799338,2.7104,-1.39344299
427,-4.603275,-0.5012636,-2.6579988,1.1596712,1.6344693,-0.15414202,-0.37941024,2.409441,-0.9942404,-3.035377,2.1674,-1.08933755
428,-3.0505426,-0.45801622,-1.2893647,3.791033,0.045064926,-0.23972073,-0.23642504,-0.11819535,-0.7294083,-1.6117032,2.253,-1.23596215
429,-6.6113367,-2.2283792,19.355581,5.848069,-0.57858807,-0.69274515,-0.9414301,-1.2274312,-2.8228219,-1.0513184,2.0708,-1.23418465
430,-6.2245903,-2.1668186,19.96554,5.947894,-0.6158687,-0.6922348,-0.90938777,-1.2865351,-2.70141,-0.80539274,1.7497,-1.24971516
431,-3.215171,-0.36383763,-1.8536831,2.7035592,0.5808157,-0.1919244,-0.26715335,0.52720773,-0.6489127,-1.96332,2.1466,-1.181227167
432,-5.8200154,-1.705674,9.735676,3.516546,-0.29050857,-0.51920813,-0.65155023,-0.708625,-2.2749577,-1.5718286,1.4505,-1.439780715
433,-4.471351,-0.821696,-1.0869073,0.9197854,0.61749053,-0.25392303,-0.3109664,0.37149966,-1.294658,-2.3038049,0.5129,-1.136415575
434,-3.5915787,-0.7046198,-0.67549396,1.3536605,0.073207915,-0.26391855,-0.2570448,-0.101144485,-1.0338056,-1.679534,1.3267,-1.271771675
435,-5.618953,-1.6631335,9.81013,3.5827055,-0.3039152,-0.5158604,-0.6359541,-0.727621,-2.2016752,-1.4644485,0.7079,-1.281493475
436,-5.21861,-1.6104339,10.760366,3.9894137,-0.3591166,-0.5231973,-0.6150755,-0.8198702,-2.084271,-1.1733518,0.1536,-1.305817635
437,-3.5172787,-0.6567785,-0.8163387,1.001985,0.1910944,-0.24815388,-0.24828587,-0.049035884,-0.9737278,-1.7131008,0.655,-1.217150642
438,-4.938224,-1.3015968,3.8826618,2.1818876,-0.1357278,-0.4047118,-0.42908773,-0.4247504,-1.8006424,-1.6900733,3.1603,-1.573592425
439,-4.471065,-0.9660341,-0.37731704,1.3002049,0.095576644,-0.30566126,-0.33346033,-0.12206602,-1.4238173,-1.9856004,1.2101,-1.248332235
440,-3.856538,-0.91968673,0.46713918,1.7627238,-0.08585226,-0.32664913,-0.30811605,-0.29718873,-1.2710398,-1.4651827,1.3492,-1.396087885
441,-4.753167,-1.2669721,4.073874,2.2689242,-0.15210645,-0.40355036,-0.41707587,-0.4493599,-1.7366778,-1.5797662,1.8549,-1.396805935
442,-4.3809104,-1.2068534,4.6241083,2.6068652,-0.19297658,-0.40561867,-0.38838416,-0.5185038,-1.6208146,-1.3397167,2.0694,-1.433161295
443,-3.767833,-0.86639637,-0.059040833,1.4191762,-0.061586488,-0.30985793,-0.29748783,-0.24365269,-1.2038428,-1.4965084,1.4543,-1.340035302
444,-4.928514,-1.3009162,3.9077172,2.2501173,-0.13848145,-0.4056762,-0.42810193,-0.4307885,-1.7992373,-1.6813534,3.6754,-1.61497043
445,-4.5458374,-0.97035706,-0.43620095,1.3168163,0.15021122,-0.30384085,-0.3406216,-0.103607394,-1.4401836,-2.0473514,1.9166,-1.28285614
446,-3.8359547,-0.91714203,0.5087662,1.8326993,-0.089636065,-0.32757097,-0.30652592,-0.30470818,-1.2659515,-1.4496002,1.9577,-1.43600174
447,-4.738243,-1.265303,4.1044364,2.3360586,-0.15523906,-0.40443826,-0.4157425,-0.4558838,-1.7334217,-1.568022,2.6567,-1.43454349
448,-4.4104996,-1.215926,4.685551,2.5575585,-0.19196703,-0.40657005,-0.3907148,-0.51695216,-1.6337588,-1.3503051,2.8388,-1.4725266
449,-3.7408082,-0.8623018,-0.050689407,1.4810936,-0.0655033,-0.31050977,-0.2954881,-0.2510196,-1.1960748,-1.477939,1.9664,-1.378649507
450,-1.4242516,-0.83315367,13.908826,-1.4553661,-0.35247093,-0.32456234,-0.2449454,-0.52558726,-0.61573213,3.346243,0.8116,-0.896864245
451,-0.74245894,-0.15324627,-0.0053548813,-0.9689005,-0.06559203,-0.15541926,-0.045202035,-0.04878969,0.21210766,-0.14586055,0.2816,-0.756875155
452,-0.75833887,-0.18081363,1.0070515,-1.7998244,0.042778432,-0.11668624,-0.032189902,0.74465907,0.27585608,-0.1745085,0.7825,-0.876138405
453,-1.4437431,-0.8199639,13.502117,-1.5837883,-0.3246718,-0.31162223,-0.23678516,-0.46756393,-0.6036994,3.0344076,0.5187,-0.821308805
454,-1.3838075,-0.79958004,13.600066,-2.1403103,-0.26225898,-0.27608204,-0.2155186,-0.3110164,-0.54998547,2.853047,0.4092,-0.875527365
455,-0.7601854,-0.16481589,0.42848647,-1.4599661,-0.017269075,-0.13066052,-0.038314473,0.38229167,0.26509547,-0.18033047,0.5516,-0.830862672
456,-2.1393514,-1.3514585,24.45147,-1.7467259,-0.5786019,-0.45964536,-0.5387861,-0.86147755,-1.0986522,6.0433483,1.7988,-0.856428695
457,-0.4023614,0.7992618,-0.9100893,-1.9200652,0.73739946,-0.02418003,-0.06430647,2.3235035,2.3399265,-0.48890814,0.0,-0.700695755
458,-0.553996,-0.00044341089,-0.2665206,-2.4545472,0.67652094,-0.0371644,-0.06033488,2.3426375,1.5792859,-0.3574219,0.0997,-0.807736105
459,-2.1438613,-1.3318094,23.977816,-1.8977807,-0.5469565,-0.44400492,-0.52808875,-0.79439706,-1.0773467,5.724184,0.711,-0.788026255
460,-2.115638,-1.3243216,24.242521,-2.447896,-0.48850688,-0.41181397,-0.51393485,-0.6451284,-1.0393761,5.542739,0.7908,-0.831846715
461,-0.4668644,0.51601624,-0.6790834,-2.2756464,0.81792367,-0.01871345,-0.058842022,2.5757656,2.0985727,-0.46853754,0.0,-0.766421572
462,-1.310634,-0.76483625,12.663724,-1.3812852,-0.3322989,-0.31029287,-0.21260528,-0.49828887,-0.54728615,3.1276515,1.1815,-0.84558622
463,-0.76853526,-0.19825566,0.71371746,-0.75722474,-0.1088744,-0.17965247,-0.04302574,-0.15061286,-0.018112231,-0.06749024,0.0,-0.69727668
464,-0.73610073,-0.2148298,1.7872424,-1.6246678,-0.03388038,-0.13782649,-0.027749008,0.2698809,0.07953495,-0.07352106,0.4616,-0.81696348
465,-1.3317829,-0.7522619,12.2244425,-1.464447,-0.30892286,-0.29988053,-0.20380047,-0.45254898,-0.5390512,2.8269618,0.5666,-0.78122368
466,-1.264664,-0.7292121,12.2981415,-2.0191798,-0.24644795,-0.26394254,-0.1821158,-0.2956781,-0.4816607,2.6540954,0.6155,-0.82681389
467,-0.7547114,-0.20746599,1.2892894,-1.2571338,-0.06419994,-0.15512238,-0.03354595,-0.030560685,0.0025521517,-0.07717922,0.2081,-0.771133497
468,-1.2861029,-0.6130064,8.599824,-1.4112601,-0.21695364,-0.25522336,-0.13432257,-0.30693147,-0.43367368,1.3819792,1.0898,-0.97132933
469,-0.91220707,-0.28054008,1.9083188,-0.8132861,-0.12649004,-0.1957582,-0.052606698,-0.18648942,-0.11701503,-0.0427889,0.0081,-0.83054769
470,-0.9602596,-0.35566732,4.031432,-1.7026112,-0.073391855,-0.16838527,-0.05397373,-0.02088194,-0.14553997,0.00033727288,0.2795,-0.94610179
471,-1.3094606,-0.6145896,8.502314,-1.4467629,-0.20867513,-0.25234136,-0.13207117,-0.2910517,-0.4389215,1.2572665,0.4448,-0.91874504
472,-1.2672151,-0.5976385,8.543682,-1.8884712,-0.15801874,-0.22375455,-0.11692343,-0.16427772,-0.3958837,1.0850638,0.3965,-0.944352
473,-0.93285483,-0.31962886,3.0604234,-1.3311064,-0.09358758,-0.1785461,-0.051158834,-0.0866987,-0.12877329,-0.021620292,0.304,-0.900476257
474,-1.2900264,-0.6145327,8.681024,-1.5169122,-0.20617174,-0.24965699,-0.13365948,-0.2788938,-0.430149,1.3377546,1.4478,-1.005307535
475,-0.9180624,-0.28265294,1.9824204,-0.904586,-0.117141806,-0.19106832,-0.052043315,-0.16237548,-0.11521288,-0.05132517,0.8489,-0.851096845
476,-0.9755575,-0.3596591,4.105951,-1.80131,-0.06272348,-0.16346477,-0.05438245,0.030311584,-0.14657246,-0.014040402,0.8517,-0.978460295
477,-1.3281633,-0.6164155,8.505196,-1.5435989,-0.19616862,-0.24667314,-0.1326695,-0.260879,-0.4386497,1.1486062,0.636,-0.912208145
478,-1.29694,-0.6030469,8.570824,-1.9824136,-0.1459701,-0.21887675,-0.118534975,-0.13555665,-0.40093467,0.9616362,1.0243,-0.974552655
479,-0.95159006,-0.324249,3.1303103,-1.4262848,-0.08306532,-0.17387363,-0.052031692,-0.060344364,-0.13109232,-0.03734603,0.9189,-0.929734162
480,-1.7923564,-0.93890303,12.731737,6.514333,-0.63619405,-0.4944829,-0.30477804,-1.2773703,-0.9213662,3.749128,1.0595,-0.852606875
481,-0.65391314,-0.13793738,-0.22937484,4.466795,-0.26415572,-0.2573826,-0.047033396,-0.5622659,-0.030982697,0.2286568,0.8718,-0.705056735
482,-0.6864047,-0.17478256,-0.19540481,7.0455065,-0.327306,-0.29402062,-0.029607803,-0.73213065,-0.10945721,0.5506487,1.0267,-0.827302235
483,-1.9037161,-0.9399423,11.980913,6.7134876,-0.61437577,-0.49028856,-0.29588658,-1.2503961,-0.9514567,3.168852,0.5749,-0.771154985
484,-1.9851853,-0.9689247,11.930299,8.006566,-0.63897866,-0.50861675,-0.2884243,-1.3261703,-1.0134329,3.1092613,0.6171,-0.827364345
485,-0.6542207,-0.14848435,-0.24682203,6.011727,-0.29775923,-0.27637073,-0.032649565,-0.65624315,-0.065056846,0.38622913,0.9636,-0.780065652
486,-2.0887363,-1.3672001,22.636524,9.351834,-0.96729946,-0.66580176,-0.5447597,-1.8723625,-1.3075641,7.7570734,1.7916,-0.801781775
487,-0.07595787,1.2689507,-1.3930981,5.7871633,-0.17539637,-0.18026277,-0.0635832,-0.36232433,2.2306113,-0.1311997,1.5857,-0.662767785
488,-0.37250575,0.21596539,-0.8716119,8.573125,-0.29285094,-0.25953287,-0.040633716,-0.6611846,0.73086685,0.08189097,0.0997,-0.807736255
489,-2.238394,-1.3826507,22.06757,9.615023,-0.9504677,-0.665684,-0.5458709,-1.854324,-1.3552377,7.172209,0.707,-0.731169635
490,-2.5860803,-1.4628361,21.846252,10.8768835,-0.95729953,-0.6880437,-0.5660285,-1.9026997,-1.506977,6.381035,0.8704,-0.774734845
491,-0.24344473,0.8032563,-1.224212,7.3483267,-0.22469588,-0.21653965,-0.04826028,-0.49923334,1.4996054,-0.10258434,1.6469,-0.732138402
492,-1.6990489,-0.867243,11.446936,5.8233447,-0.5885523,-0.46659514,-0.2740508,-1.182194,-0.8410768,3.3243659,1.3283,-0.79370025
493,-0.6837351,-0.16166511,-0.13280539,3.7740612,-0.2586931,-0.25575805,-0.04759791,-0.5433294,-0.051093277,0.2719411,0.4083,-0.64523631
494,-0.772228,-0.23054491,0.08693427,6.45889,-0.33827853,-0.30256432,-0.05182773,-0.7409372,-0.16251968,0.72789574,0.6416,-0.76512996
495,-1.8111719,-0.8706711,10.75602,6.0345106,-0.5686495,-0.46334863,-0.26634368,-1.1586162,-0.8731641,2.7701144,0.4593,-0.72649011
496,-1.8371843,-0.88755196,10.739064,7.3590617,-0.59783345,-0.4810315,-0.25747466,-1.2402571,-0.9134375,2.867266,0.5467,-0.77274142
497,-0.7289011,-0.1971104,-0.057917383,5.409774,-0.30563948,-0.28287196,-0.05239827,-0.6591533,-0.11009283,0.53673494,0.4952,-0.718434277
498,-1.5244353,-0.6926784,7.684154,4.6844206,-0.46374846,-0.3993105,-0.17020813,-0.9581854,-0.67553186,1.9433922,1.3827,-0.91849601
499,-0.919717,-0.30737406,1.6661063,3.1804898,-0.2950635,-0.28513837,-0.0754879,-0.6092333,-0.2164382,0.6214287,0.5268,-0.76651082
500,-1.0865191,-0.42787042,3.2868922,5.67613,-0.38964123,-0.34302646,-0.09147033,-0.8333497,-0.38475466,1.2371356,0.5802,-0.88892632
501,-1.5207957,-0.694773,7.650703,5.1782126,-0.47456595,-0.40519628,-0.16585422,-0.98799294,-0.6843532,2.000809,0.7663,-0.86481372
502,-1.5173883,-0.69864863,7.4864283,6.427014,-0.4994026,-0.41920814,-0.15350942,-1.0595376,-0.7071206,2.096558,0.6951,-0.88895953
503,-1.0075809,-0.37295076,2.5748818,4.6325274,-0.34985468,-0.31805944,-0.086905204,-0.7375822,-0.30729872,0.9887917,0.7056,-0.840849337
504,-1.5322723,-0.6975,7.694975,4.9823256,-0.47061148,-0.40353104,-0.16850887,-0.9771368,-0.68582314,1.9667162,1.6961,-0.955623015
505,-0.9246079,-0.31083795,1.6969504,3.4590373,-0.30244613,-0.28920767,-0.077647,-0.626991,-0.22290471,0.6599078,1.173,-0.796342875
506,-1.0958588,-0.43374547,3.306231,5.958711,-0.396191,-0.34723243,-0.088614486,-0.8520856,-0.39668193,1.2578658,1.088,-0.924913925
507,-1.5294979,-0.6961194,7.5949736,5.33401,-0.47623077,-0.40672675,-0.1642702,-0.9948451,-0.68989295,1.9747037,0.8671,-0.860636175
508,-1.5269686,-0.7025069,7.468609,6.632384,-0.5031204,-0.42193103,-0.15079632,-1.0716332,-0.71626306,2.0906098,1.2492,-0.923076085
509,-1.0157014,-0.37826926,2.5910304,4.91997,-0.3565343,-0.32224226,-0.08444998,-0.75637645,-0.31833166,1.012006,1.2075,-0.875102192
510,-1.5357188,-0.8786092,13.212783,2.9520025,-0.5762501,-0.44855568,-0.286715,-1.0982445,-0.7796051,4.1243796,0.8823,-0.865801415
511,-0.6744468,-0.14564393,-0.15734226,1.7717481,-0.2072383,-0.22841449,-0.037655365,-0.41821557,-0.015718604,-0.004841873,0.6606,-0.720590475
512,-0.6144089,-0.13514738,-0.14479493,1.8430511,-0.21350303,-0.22862945,-0.032453854,-0.42924172,0.016332865,0.160097,0.9444,-0.843083625
513,-1.514073,-0.8588972,12.805405,2.9036767,-0.5648077,-0.4421198,-0.27708122,-1.0781863,-0.76049846,3.9922426,0.5923,-0.787902275
514,-1.4829882,-0.84534705,12.549556,2.7586808,-0.5549577,-0.4363911,-0.25949866,-1.0625376,-0.74766964,3.9329698,0.5097,-0.842628535
515,-0.63120574,-0.13322924,-0.17067434,1.8185177,-0.208714,-0.22700992,-0.03420144,-0.42012674,0.013386309,0.059806973,0.8157,-0.796277342
516,-2.1189919,-1.3680724,23.447136,3.7417116,-0.8543102,-0.60499775,-0.56729406,-1.5637374,-1.2401978,7.3065243,1.7762,-0.821338815
517,-0.21410933,1.0465186,-1.2563723,2.2230356,-0.100127235,-0.14759414,-0.05951614,-0.17622583,2.0760257,-0.23499249,0.0,-0.660047875
518,-0.3440724,0.34522843,-0.75906366,2.2447987,-0.1586739,-0.18479066,-0.05437189,-0.30071005,1.2742817,-0.08533037,1.6172,-0.803919525
519,-2.1654167,-1.3598412,22.940182,3.6417754,-0.8355816,-0.5983538,-0.56179965,-1.532032,-1.2433465,6.9562087,0.7292,-0.752250425
520,-2.2028615,-1.3514924,22.087015,4.3730583,-0.8255205,-0.59829026,-0.5219768,-1.5437835,-1.269452,6.572844,0.8177,-0.795363435
521,-0.22078948,0.88964677,-1.1259413,2.389527,-0.12069743,-0.15869848,-0.05628986,-0.22013243,1.905746,-0.1779841,1.6525,-0.755109692
522,-1.4515976,-0.81626225,12.010964,2.7223458,-0.54118764,-0.42799369,-0.2539253,-1.0357022,-0.7161185,3.7719352,1.3409,-0.81184319
523,-0.71555483,-0.17554104,-0.055620927,1.403176,-0.20954303,-0.23162043,-0.037452765,-0.4202027,-0.047971487,0.04406011,0.3489,-0.6663856
524,-0.6539931,-0.16494118,-0.04235115,1.5089002,-0.21682692,-0.23227827,-0.032454725,-0.43350193,-0.028880322,0.23833111,0.4945,-0.777287
525,-1.3887347,-0.77944577,11.383798,2.60854,-0.52395844,-0.41685325,-0.23525777,-1.0045131,-0.6758609,3.6355608,0.4852,-0.74525935
526,-1.3392789,-0.773486,11.506324,2.5849833,-0.5289752,-0.4169334,-0.23044741,-1.0123194,-0.6620263,3.8069456,0.5673,-0.79173216
527,-0.6758261,-0.16775143,-0.05326897,1.476058,-0.2134624,-0.23171225,-0.0332563,-0.42777893,-0.03525231,0.15621895,0.4434,-0.735799767
528,-1.358092,-0.64109576,7.732253,2.116064,-0.4116881,-0.3627059,-0.15797357,-0.81306136,-0.5692226,2.0386646,1.2484,-0.93598635
529,-0.9378505,-0.31623778,1.9380543,1.3640873,-0.2569424,-0.26621237,-0.065304205,-0.51461023,-0.21219365,0.45117852,0.368,-0.78810571
530,-0.95246917,-0.36652935,3.1169791,1.4606016,-0.29037958,-0.28334293,-0.07641842,-0.57648915,-0.25833544,0.94071805,0.4701,-0.90900931
531,-1.3339173,-0.63245296,7.640578,2.1117444,-0.41017744,-0.3608552,-0.15379281,-0.8101718,-0.5580059,2.0571933,0.6304,-0.88277086
532,-1.2524172,-0.6042116,7.3901486,1.9032109,-0.40207767,-0.35288295,-0.14093955,-0.79121,-0.51824945,2.1201057,0.5564,-0.90814477
533,-0.95209754,-0.3436799,2.538217,1.415831,-0.27363512,-0.27515996,-0.07072451,-0.546115,-0.23893629,0.68360865,0.5575,-0.861771627
534,-1.3515768,-0.6402893,7.756435,2.1283224,-0.41302857,-0.36299062,-0.15864788,-0.81505245,-0.56697005,2.0672922,1.5921,-0.972068905
535,-0.9385115,-0.3162751,1.9410505,1.3806751,-0.25746113,-0.26645952,-0.066336624,-0.5154508,-0.21209167,0.45343927,1.0584,-0.814922665
536,-0.94175464,-0.36521474,3.1489415,1.4351544,-0.2911508,-0.28316295,-0.07575642,-0.5771033,-0.25491276,0.9776881,1.0077,-0.943623715
537,-1.3453616,-0.6321774,7.5808964,2.116997,-0.40825835,-0.36039367,-0.15585902,-0.80648863,-0.559231,2.0044074,0.7727,-0.877933765
538,-1.2891401,-0.6107856,7.344049,1.8500351,-0.3976948,-0.35256153,-0.14256871,-0.7839438,-0.53059167,2.002111,1.1472,-0.940822325
539,-0.9496991,-0.34263006,2.5307245,1.4268359,-0.27387363,-0.2751225,-0.07125822,-0.5463302,-0.23734955,0.68804824,1.0951,-0.894206932
